Id Cliente,Razao Social,Nome Fantasia,Tipo Pessoa,Municipio,UF,CNPJ
1,00_VPCOM,VENTOS POTIGUARES COMERCIALIZADORA...,Pessoa Física,SAO PAULO,SÃO PAULO,73.925.833/0001-37
2,1001 INDUSTRIA,1001 INDUSTRIA DE ARTEFATOS...,Pessoa Física,rio de janeiro,rio de janeiro,73.925.833/0001-38
3,2 ALIANCAS,2 ALIANCAS ARMAZENS GERAIS...,Pessoa Física,VITÓRIA,ESPÍRITO SANTO,73.925.833/0001-39
4,2WENERGIA,2W ENERGIA S.A.,Pessoa Física,VITÓRIA,ESPÍRITO SANTO,73.925.833/0001-40
5,3 CORACOES AL,TRES CORACOES ALIMENTOS S.A.,Pessoa Física,SAO PAULO,SÃO PAULO,73.925.833/0001-41
6,3G ENERGIA,3G - TERCEIRA GERACAO COMERCIALIZADORA...,Pessoa Física,rio de janeiro,rio de janeiro,73.925.833/0001-42
7,3m,3M DO BRASIL LTDA,Pessoa Física,rio de janeiro,rio de janeiro,73.925.833/0001-43
8,3m manaus,3M MANAUS INDUSTRIA DE PRODUTOS...,Pessoa Física,SAO PAULO,SÃO PAULO,73.925.833/0001-44
9,3pl logistica,3PL BRASIL LOGISTICA S.A.,Pessoa Física,VITÓRIA,ESPÍRITO SANTO,73.925.833/0001-45
10,3RIOS,3RIOS FIBRAS E RESINAS LTDA,Pessoa Física,SAO PAULO,SÃO PAULO,73.925.833/0001-46
11,43 sa,43 SA GRAFICA E EDITORA,Pessoa Física,SAO PAULO,SÃO PAULO,7.925.833/0001-46
12,8 EMBALAGENS,8 EMBALAGENS PLASTICAS EIRELI,Pessoa Física,VITÓRIA,ESPÍRITO SANTO,3.925.833/0001-46
13,88  energia,88 ENERGIA S.A.,Pessoa Física,SAO PAULO,SÃO PAULO,73.925.833/0001-46
14,9INJET,9INJET INJECAO DE PECAS PLASTICAS...,Pessoa Física,SAO PAULO,SÃO PAULO,925.833/000146
15,A PARAGUACU,PARAGUACU TEXTIL LTDA,Pessoa Física,VITÓRIA,ESPÍRITO SANTO,73.925.833/0001-46
16,A RAYMOND,A. RAYMOND BRASIL LTDA,Pessoa Física,SAO PAULO,SÃO PAULO,73.925.833/0001-47
17,AABB1,ASSOCIACAO ATLETICA BANCO...,Pessoa Física,BELO HORIZONTE,MINAS GERAIS,73.925.833/0001-48
18,AABREU,A ABREU BENEFICIAMENTOS LTDA,Pessoa Física,SAO PAULO,SÃO PAULO,73.925.833/0001-49
19,aal,USINA ALTO ALEGRE S/A - ACUCAR...,Pessoa Física,SAO PAULO,SÃO PAULO,73.925.833/0001-50
20,aam,AAM DO BRASIL LTDA.,Pessoa Física,rio de janeiro,rio de janeiro,73.925.833/0001-51
21,ab agro,AB COMERCIO DE INSUMOS LTDA,Pessoa Física,rio de janeiro,rio de janeiro,73.925.833/0001-52
22,AB PLAST,AB PLAST MANUFATURADOS PLASTICOS...,Pessoa Física,rio de janeiro,rio de janeiro,73.925.833/0001-53
23,ABATEDOURO AGUA DE PEDRA,ABATEDOURO AGUA DE PEDRA LTDA,Pessoa Física,SAO PAULO,SÃO PAULO,73.925.833/0001-54
24,ABATEDOURO BOM JESUS,ABATEDOURO BOM JESUS LTDA,Pessoa Física,rio de janeiro,rio de janeiro,73.925.833/0001-55
25,ABATEDOURO VEREDA,EDVALDO ANTONIO LOPES E CIA...,Pessoa Física,rio de janeiro,rio de janeiro,73.925.833/0001-56
26,ABAV,ABAV-ABATEDOURO ATILIO VIVACQUA...,Pessoa Física,SAO PAULO,SÃO PAULO,73.925.833/0001-57
27,abb,ABB LTDA,Pessoa Física,rio de janeiro,rio de janeiro,73.925.833/0001-58
28,ABB AUTO,ABB AUTOMACAO LTDA,Pessoa Física,rio de janeiro,rio de janeiro,73.925.833/0001-59
29,ABBASPEL,ABBASPEL INDUSTRIA E COMERCIO...,Pessoa Física,rio de janeiro,rio de janeiro,73.925.833/0001-60
30,ABBOTT,ABBOTT LABORATORIOS DO BRASIL...,Pessoa Física,SAO PAULO,SÃO PAULO,73.925.833/0001-61
31,ABBRASIL IND,AB BRASIL INDUSTRIA E COMERCIO...,Pessoa Jurídica,VITÓRIA,ESPÍRITO SANTO,73.925.833/0001-62
32,ABC BORRACHA,ABC ARTEFATOS DE BORRACHA...,Pessoa Jurídica,VITÓRIA,ESPÍRITO SANTO,73.925.833/0001-63
33,ABC BRASIL,ABC BRASIL COMERCIALIZADORA...,Pessoa Jurídica,VITÓRIA,ESPÍRITO SANTO,73.925.833/0001-64
34,ABC GROUP,ABC GROUP DO BRASIL LTDA,Pessoa Jurídica,SAO PAULO,SÃO PAULO,73.925.833/0001-65
35,ABC PLAZA SHOP,CONDOMINIO GRAND PLAZA SHOPPING,Pessoa Jurídica,VITÓRIA,ESPÍRITO SANTO,73.925.833/0001-66
36,ABEC,ASSOCIACAO BRASILEIRA DE EDUCACAO...,Pessoa Jurídica,SAO PAULO,SÃO PAULO,73.925.833/0001-67
37,ABENGOA AGROIN,ABENGOA BIOENERGIA AGROINDUSTRIA...,Pessoa Jurídica,SAO PAULO,SÃO PAULO,73.925.833/0001-68
38,ABEP,ABEP - ACADEMIA BAIANA DE...,Pessoa Jurídica,SAO PAULO,SÃO PAULO,73.925.833/0001-69
39,ABIMAR,ABIMAR SUPERMERCADOS LTDA,Pessoa Jurídica,SAO PAULO,SÃO PAULO,73.925.833/0001-70
40,ABL,ACADEMIA BRASILEIRA DE LETRAS,Pessoa Jurídica,SAO PAULO,SÃO PAULO,73.925.833/0001-71
41,ABRANJO I,ABRANJO GERACAO DE ENERGIA...,Pessoa Jurídica,rio de janeiro,rio de janeiro,73.925.833/0001-72
42,ABRILCOM,ABRIL COMUNICACOES S.A. EM...,Pessoa Jurídica,rio de janeiro,rio de janeiro,73.925.833/0001-73
43,ABUHLER,A BUHLER SA CURTUME,Pessoa Jurídica,rio de janeiro,rio de janeiro,73.925.833/0001-74
44,ACAI BELLO FRUTO,"BELLO FRUTO INDUSTRIA, COMERCIO,...",Pessoa Jurídica,rio de janeiro,rio de janeiro,73.925.833/0001-75
45,ACAI DA AMAZONIA,ACAI DA AMAZONIA EXPORTADORA...,Pessoa Jurídica,SAO PAULO,SÃO PAULO,73.925.833/0001-76
46,ACAI MACUNAIMA,MACUNAIMA AGROINDUSTRIA E...,Pessoa Jurídica,rio de janeiro,rio de janeiro,73.925.833/0001-77
47,ACAI PARAENSE,ACAI PARAENSE IND. E COM....,Pessoa Jurídica,rio de janeiro,rio de janeiro,73.925.833/0001-78
48,ACAI SANTA HELENA,CASTANHAL COM. DE POLPAS LTDA,Pessoa Jurídica,SAO PAULO,SÃO PAULO,73.925.833/0001-79
49,ACANTHUS,ACANTHUS PARTICIPACOES S/A,Pessoa Jurídica,SAO PAULO,SÃO PAULO,73.925.833/0001-80
50,ACAUA,ACAUA ENERGIA S/A,Pessoa Jurídica,VITÓRIA,ESPÍRITO SANTO,73.925.833/0001-81
51,ACCOR,HOTELARIA ACCOR BRASIL S/A,Pessoa Jurídica,VITÓRIA,ESPÍRITO SANTO,73.925.833/0001-82
52,ACCOR PO,HHR BT rio de janeiro INVESTIMENTOS...,Pessoa Jurídica,VITÓRIA,ESPÍRITO SANTO,73.925.833/0001-83
53,ACCORINVEST,HOTELARIA ACCORINVEST BRASIL...,Pessoa Jurídica,VITÓRIA,ESPÍRITO SANTO,73.925.833/0001-84
54,ACE,ACE COMERCIALIZADORA LTDA,Pessoa Jurídica,VITÓRIA,ESPÍRITO SANTO,73.925.833/0001-85
55,ACE SCHMERSAL,ACE SCHMERSAL ELETROELETRONICA...,Pessoa Jurídica,VITÓRIA,ESPÍRITO SANTO,73.925.833/0001-86
56,ACEL - GSF,AGENTE CENTRALIZADOR DOS EFEITOS...,Pessoa Jurídica,BELO HORIZONTE,MINAS GERAIS,73.925.833/0001-87
57,ACER,CCEE CÂMARA DE COMERCIALIZAÇÃO...,Pessoa Jurídica,rio de janeiro,rio de janeiro,73.925.833/0001-88
58,ACETECH,ACETECH INDUSTRIA E COMERCIO...,Pessoa Jurídica,BELO HORIZONTE,MINAS GERAIS,73.925.833/0001-89
59,ACETOW,CERDIA BRASIL INDUSTRIA E...,Pessoa Jurídica,BELO HORIZONTE,MINAS GERAIS,73.925.833/0001-90
60,ACG DO BRASIL,ACG DO BRASIL S/A,Pessoa Física,BELO HORIZONTE,MINAS GERAIS,73.925.833/0001-91
61,ache laboratorios,ACHE LABORATORIOS FARMACEUTICOS...,Pessoa Física,SAO PAULO,SÃO PAULO,73.925.833/0001-92
62,ACIVIL GWEST,ASSOCIACAO CIVIL DOS PROPRIETARIOS...,Pessoa Física,SAO PAULO,SÃO PAULO,73.925.833/0001-93
63,ACNP,ASSOCIACAO DO CONDOMINIO DO...,Pessoa Física,SAO PAULO,SÃO PAULO,73.925.833/0001-94
64,ACO CEARENSE INDUSTRIAL MATRIZ,ACO CEARENSE INDUSTRIAL LTDA...,Pessoa Física,rio de janeiro,rio de janeiro,73.925.833/0001-95
65,ACO PECAS,ACOPECAS INDUSTRIA DE PECAS...,Pessoa Física,rio de janeiro,rio de janeiro,73.925.833/0001-96
66,ACOFER,ACOFER INDUSTRIA E COMERCIO...,Pessoa Jurídica,rio de janeiro,rio de janeiro,73.925.833/0001-97
67,ACOFERGO,ACOFERGO TUBOS E PERFILADOS...,Pessoa Jurídica,SAO PAULO,SÃO PAULO,73.925.833/0001-98
68,ACOFORJA,ACOFORJA INDUSTRIA DE FORJADOS...,Pessoa Jurídica,rio de janeiro,rio de janeiro,73.925.833/0001-99
69,ACOKORTE,ACOKORTE IND METALURGICA E...,Pessoa Jurídica,rio de janeiro,rio de janeiro,73.925.400/0001-01
70,ACOME,ACOME DO BRASIL LTDA.,Pessoa Jurídica,rio de janeiro,rio de janeiro,73.925.400/0001-02
71,ACOS VIC,ACOS VIC LTDA,Pessoa Jurídica,SAO PAULO,SÃO PAULO,73.925.400/0001-03
72,ACOSTUMADO ALIMENTOS LTDA,ACOSTUMADO ALIMENTOS LTDA,Pessoa Jurídica,rio de janeiro,rio de janeiro,73.925.400/0001-04
73,ACOTEL RJ,ACOTEL INDUSTRIA E COMERCIO...,Pessoa Jurídica,rio de janeiro,rio de janeiro,73.925.400/0001-05
74,ACOTUBO,ACOTUBO INDUSTRIA E COMERCIO...,Pessoa Jurídica,rio de janeiro,rio de janeiro,73.925.400/0001-06
75,ACP MOVEIS,A.C.P. INDUSTRIA DE MOVEIS...,Pessoa Jurídica,rio de janeiro,rio de janeiro,73.925.400/0001-07
76,acpa,ACPA ANODIZACAO DE CHAPAS...,Pessoa Jurídica,rio de janeiro,rio de janeiro,73.925.400/0001-08
77,ACRILEX,ACRILEX TINTAS ESPECIAIS S...,Pessoa Jurídica,rio de janeiro,rio de janeiro,73.925.400/0001-09
78,ACRILYS,ACRILYS DO BRASIL LAMINADOS...,Pessoa Jurídica,SAO PAULO,SÃO PAULO,73.925.400/0001-10
79,acsc corporation,ASSOCIACAO CONGREGACAO DESANTA...,Pessoa Jurídica,SAO PAULO,SÃO PAULO,73.925.400/0001-11
80,ACTBOR,ACTBOR FABRICACAO DE ARTEFATOS...,Pessoa Jurídica,SAO PAULO,SÃO PAULO,73.925.400/0001-12
81,ACUM MOURA,ACUMULADORES MOURA S A,Pessoa Jurídica,SAO PAULO,SÃO PAULO,73.925.400/0001-13
82,ACUM MOURA SP,MOURA BATERIAS AUTOMOTIVAS...,Pessoa Jurídica,SAO PAULO,SÃO PAULO,73.925.400/0001-14
83,ACUMENT,ACUMENT BRASIL SISTEMAS DE...,Pessoa Jurídica,SAO PAULO,SÃO PAULO,73.925.400/0001-15
84,ACUMULADORES CALIFORNIA,F. A. C. FABRICA DE ACUMULADORES...,Pessoa Jurídica,SAO PAULO,SÃO PAULO,73.925.400/0001-16
85,BARREIRAS V,SOLAR DO SERTAO V ENERGIA...,Pessoa Jurídica,SAO PAULO,SÃO PAULO,73.925.400/0001-17
86,BARRETOS COUNTRY,BARRETOS COUNTRY THERMAS PARK...,Pessoa Jurídica,SAO PAULO,SÃO PAULO,73.925.400/0001-18
87,BARROBELLO,CERAMICA BARROBELLO INDUSTRIA...,Pessoa Jurídica,rio de janeiro,rio de janeiro,73.925.400/0001-19
88,BARRY CALLEBAUT,BARRY CALLEBAUT BRASIL INDUSTRIA...,Pessoa Jurídica,BELO HORIZONTE,MINAS GERAIS,73.925.400/0001-20
89,BARRY ILHEUS,BARRY CALLEBAUT BRASIL INDUSTRIA...,Pessoa Jurídica,SAO PAULO,SÃO PAULO,73.925.400/0001-21
90,BARRY ITABUNA,BARRY CALLEBAUT BRASIL INDUSTRIA...,Pessoa Jurídica,SAO PAULO,SÃO PAULO,73.925.400/0001-22
91,BARTIRA,INDUSTRIA DE MOVEIS BARTIRA...,Pessoa Jurídica,SAO PAULO,SÃO PAULO,73.925.400/0001-23
92,BARTOLOMEU,CENTRAL GERADORA EOLICA BARTOLOMEU...,Pessoa Jurídica,VITÓRIA,ESPÍRITO SANTO,73.925.400/0001-24
93,BASALTO,BASALTO PEDREIRA E PAVIMENTACAO...,Pessoa Jurídica,VITÓRIA,ESPÍRITO SANTO,73.925.400/0001-25
94,BASE,BASE INDUSTRIA E COMERCIO...,Pessoa Jurídica,VITÓRIA,ESPÍRITO SANTO,73.925.400/0001-26
95,BASE HOME SOLUTIONS,BASE COMPONENTES INDUSTRIAIS...,Pessoa Jurídica,VITÓRIA,ESPÍRITO SANTO,73.925.400/0001-27
96,BASELL,BASELL POLIOLEFINAS LTDA.,Pessoa Jurídica,rio de janeiro,rio de janeiro,73.925.400/0001-28
97,BASF SA,BASF SA,Pessoa Jurídica,SAO PAULO,SÃO PAULO,73.925.400/0001-29
98,BASF SBC,BASF SA,Pessoa Jurídica,rio de janeiro,rio de janeiro,73.925.400/0001-30
99,BASTON,BASTON INDUSTRIA DE AEROSSOIS...,Pessoa Jurídica,rio de janeiro,rio de janeiro,73.925.400/0001-31
100,BATATAS CROQUES,PRODUTOS ALIMENTICIOS CROQUES...,Pessoa Jurídica,SAO PAULO,SÃO PAULO,73.925.400/0001-32
101,BATERAX,BATERAX INDUSTRIA E COMERCIO...,Pessoa Jurídica,SAO PAULO,SÃO PAULO,73.925.400/0001-33
102,BATERIAS JUPITER,JUPITER BATERIAS E COMPONENTES...,Pessoa Física,rio de janeiro,rio de janeiro,73.925.400/0001-34
103,BATTISTELLA,BATTISTELLA INDUSTRIA E COMERCIO...,Pessoa Física,rio de janeiro,rio de janeiro,73.925.400/0001-35
104,BAXTER,BAXTER HOSPITALAR LTDA,Pessoa Jurídica,rio de janeiro,rio de janeiro,73.925.400/0001-36
105,BAYER SP,BAYER S.A.,Pessoa Jurídica,SAO PAULO,SÃO PAULO,73.925.400/0001-37
106,B O PACKAGING,B.O. PACKAGING BRASIL LTDA,Pessoa Jurídica,SAO PAULO,SÃO PAULO,73.925.400/0001-38
107,B S ENERGIA RENOVAVEL,B.S. ENERGIA RENOVAVEL LTDA,Pessoa Jurídica,SAO PAULO,SÃO PAULO,73.925.400/0001-39
108,B2R ENERGIA,B2R COMERCIALIZADORA DE ENERGIA...,Pessoa Física,SAO PAULO,SÃO PAULO,73.925.400/0001-40
109,BABILONIAI,CENTRAL EOLICA BABILONIA I...,Pessoa Jurídica,VITÓRIA,ESPÍRITO SANTO,73.925.400/0001-41
110,BABILONIAII,CENTRAL EOLICA BABILONIA II...,Pessoa Jurídica,VITÓRIA,ESPÍRITO SANTO,73.925.400/0001-42
111,BABILONIAIII,CENTRAL EOLICA BABILONIA III...,Pessoa Jurídica,VITÓRIA,ESPÍRITO SANTO,73.925.400/0001-43
112,BABILONIAIV,CENTRAL EOLICA BABILONIA IV...,Pessoa Jurídica,VITÓRIA,ESPÍRITO SANTO,73.925.400/0001-44
113,BABILONIAV,CENTRAL EOLICA BABILONIA V...,Pessoa Jurídica,VITÓRIA,ESPÍRITO SANTO,73.925.400/0001-45
114,BABY ROGER,HARYON INDUSTRIA E COMERCIO...,Pessoa Jurídica,VITÓRIA,ESPÍRITO SANTO,73.925.400/0001-46
115,BACIC,BACIC INDUSTRIAL DE PLASTICOS...,Pessoa Jurídica,BELO HORIZONTE,MINAS GERAIS,73.925.400/0001-47
116,BAESA,BAESA-ENERGETICA BARRA GRANDE...,Pessoa Física,BELO HORIZONTE,MINAS GERAIS,73.925.400/0001-48
117,BAGATTA,CERAMICA BAGATTA & FILHO...,Pessoa Física,BELO HORIZONTE,MINAS GERAIS,73.925.400/0001-49
118,bagley,BAGLEY DO BRASIL ALIMENTOS...,Pessoa Jurídica,BELO HORIZONTE,MINAS GERAIS,73.925.400/0001-50
119,BAGUARI,BAGUARI I GERACAO DE ENERGIA...,Pessoa Jurídica,SAO PAULO,SÃO PAULO,73.925.400/0001-51
120,baguari dois,BAGUARI ENERGIA S.A.,Pessoa Jurídica,SAO PAULO,SÃO PAULO,73.925.400/0001-52
121,bahamas,SUPERMERCADO BAHAMAS S/A,Pessoa Jurídica,SAO PAULO,SÃO PAULO,73.925.400/0001-53
122,BAHIA PCH I,BAHIA PCH I S.A.,Pessoa Jurídica,rio de janeiro,rio de janeiro,73.925.400/0001-54
123,BAHIA VIDROS,INDUSTRIA BAIANA DE VIDROS...,Pessoa Jurídica,rio de janeiro,rio de janeiro,73.925.400/0001-55
124,BAIA VERDE,BAIA VERDE INDUSTRIA DE PLASTICOS...,Pessoa Jurídica,rio de janeiro,rio de janeiro,73.925.400/0001-56
125,BAKER HUGHES,BAKER HUGHES DO BRASIL LTDA,Pessoa Jurídica,rio de janeiro,rio de janeiro,73.925.400/0001-57
126,BALANCAS SAO SEBASTIAO,INDUSTRIAL SAO SEBASTIAO EIRELI,Pessoa Jurídica,rio de janeiro,rio de janeiro,73.925.400/0001-58
127,BALBINOT,BALBINOT INDUSTRIA DE IMPLEMENTOS...,Pessoa Jurídica,rio de janeiro,rio de janeiro,73.925.400/0001-59
128,BALDAN AGRICOLAS,BALDAN IMPLEMENTOS AGRICOLAS...,Pessoa Jurídica,SAO PAULO,SÃO PAULO,73.925.400/0001-60
129,BALDIN,BALDIN BIOENERGIA S.A.,Pessoa Jurídica,SAO PAULO,SÃO PAULO,73.925.400/0001-61
130,BALDO,BALDO SA COMERCIO INDUSTRIA...,Pessoa Jurídica,SAO PAULO,SÃO PAULO,73.925.400/0001-62
131,BALESTRO,INDUSTRIA ELETROMECANICA BALESTRO...,Pessoa Física,SAO PAULO,SÃO PAULO,73.925.400/0001-63
132,BALL,BALL DO BRASIL LTDA,Pessoa Física,SAO PAULO,SÃO PAULO,73.925.400/0001-64
133,BALL BCSA,BALL BEVERAGE CAN SOUTH AMERICA...,Pessoa Jurídica,rio de janeiro,rio de janeiro,73.925.400/0001-65
134,BALL EMBALAGENS,BALL EMBALAGENS LTDA,Pessoa Jurídica,BELO HORIZONTE,MINAS GERAIS,73.925.400/0001-66
135,BALPRENSA,BALPRENSA COMERCIO E INDUSTRIA...,Pessoa Física,SAO PAULO,SÃO PAULO,73.925.400/0001-67
136,BALTEAU,BALTEAU PRODUTOS ELETRICOS...,Pessoa Jurídica,SAO PAULO,SÃO PAULO,73.925.400/0001-68
137,BANCO BTG PACTUAL,BANCO BTG PACTUAL S.A.,Pessoa Jurídica,SAO PAULO,SÃO PAULO,73.925.400/0001-69
138,BANCO J SAFRA,BANCO J. SAFRA S.A,Pessoa Jurídica,SAO PAULO,SÃO PAULO,73.925.400/0001-70
139,BANCO SAFRA CL 514,BANCO SAFRA S A,Pessoa Jurídica,SAO PAULO,SÃO PAULO,73.925.400/0001-71
140,BANDACOURO,BANDA DE COURO ENERGETICA...,Pessoa Jurídica,SAO PAULO,SÃO PAULO,73.925.400/0001-72
141,BANDEIRANTE,EDP SAO PAULO DISTRIBUICAO...,Pessoa Jurídica,SAO PAULO,SÃO PAULO,73.925.400/0001-73
142,BANFILME GRU,INDUSTRIA BANDEIRANTE DE PLASTICOS...,Pessoa Jurídica,SAO PAULO,SÃO PAULO,73.925.400/0001-74
143,BANFILME SP,IND BANDEIRANTE DE ARTEFATOS...,Pessoa Jurídica,SAO PAULO,SÃO PAULO,73.925.400/0001-75
144,BANN QUIMICA,BANN QUIMICA LTDA.,Pessoa Jurídica,SAO PAULO,SÃO PAULO,73.925.400/0001-76
145,BANNACH,CURTUME BANNACH LTDA,Pessoa Jurídica,rio de janeiro,rio de janeiro,73.925.400/0001-77
146,BAPTISTADEALMEIDA,BAPTISTA DE ALMEIDA COMERCIO...,Pessoa Jurídica,BELO HORIZONTE,MINAS GERAIS,73.925.400/0001-78
147,BARAO DE MAUA,SIDERURGICA BARAO DE MAUA...,Pessoa Jurídica,SAO PAULO,SÃO PAULO,73.925.400/0001-79
148,BARAUNAS1,BARAUNAS I ENERGETICA S/A,Pessoa Jurídica,SAO PAULO,SÃO PAULO,73.925.400/0001-80
149,BARAUNAS2,BARAUNAS II ENERGETICA S/A,Pessoa Jurídica,SAO PAULO,SÃO PAULO,73.925.400/0001-81
150,BARBOSA,BARBOSA & MARQUES S A,Pessoa Jurídica,VITÓRIA,ESPÍRITO SANTO,73.925.400/0001-82
151,BARBOSA 1,SILVA E BARBOSA COMERCIO DE...,Pessoa Jurídica,VITÓRIA,ESPÍRITO SANTO,73.925.400/0001-83
152,BARBOSA SUPERMERCADO,B A BARBOSA SUPERMERCADO LTDA,Pessoa Jurídica,VITÓRIA,ESPÍRITO SANTO,73.925.400/0001-84
153,BARCELLONA,BARCELLONA INDUSTRIA E COMERCIO...,Pessoa Jurídica,SAO PAULO,SÃO PAULO,73.925.400/0001-85
154,BARCELOS,BARCELOS & CIA LTDA,Pessoa Jurídica,VITÓRIA,ESPÍRITO SANTO,73.925.400/0001-86
155,BARDELLA,BARDELLA INDUSTRIA PLASTICA...,Pessoa Jurídica,VITÓRIA,ESPÍRITO SANTO,73.925.400/0001-87
156,BARION INDUSTRIA,BARION INDUSTRIA E COMERCIO...,Pessoa Jurídica,rio de janeiro,rio de janeiro,73.925.400/0001-88
157,BARIRI,INDUSTRIA DE PLASTICOS BARIRI...,Pessoa Jurídica,VITÓRIA,ESPÍRITO SANTO,73.925.400/0001-89
158,BARRA,BARRA EMPREENDIMENTOS ESPORTIVOS...,Pessoa Jurídica,rio de janeiro,rio de janeiro,73.925.400/0001-90
159,BARRA CLARA,BC SERVICE ENERGETICA S.A.,Pessoa Jurídica,SAO PAULO,SÃO PAULO,73.925.400/0001-91
160,BARRA DO PIRAI,BARRA ALIMENT. EIRELI,Pessoa Física,SAO PAULO,SÃO PAULO,73.925.400/0001-92
161,BARRA GRANDE PART,BARRA GRANDE PARTICIPACOES...,Pessoa Física,rio de janeiro,rio de janeiro,73.925.400/0001-93
162,BARRA MANSA,COOPERATIVA AGRO PECUARIA...,Pessoa Jurídica,SAO PAULO,SÃO PAULO,73.925.400/0001-94
163,BARRA SHOPPING,CONDOMINIO DO SHOPPING CENTER...,Pessoa Jurídica,SAO PAULO,SÃO PAULO,73.925.400/0001-95
164,BARRA VELHA ALIMENTOS,BARRA VELHA INDUSTRIAL LTDA,Pessoa Jurídica,SAO PAULO,SÃO PAULO,73.925.400/0001-96
165,BARRACAO,BARRACAO SUPERMERCADO LTDA,Pessoa Jurídica,rio de janeiro,rio de janeiro,73.925.400/0001-97
166,BARRALCOOL,USINA BARRALCOOL S/A,Pessoa Jurídica,rio de janeiro,rio de janeiro,73.925.400/0001-98
167,BARRASHOPPINGSUL,SUB-CONDOMINIO SHOPPING CENTER...,Pessoa Jurídica,rio de janeiro,rio de janeiro,73.925.400/0001-99
168,BARREFLEX,BARREFLEX RECICLAGEM SUMARE...,Pessoa Jurídica,rio de janeiro,rio de janeiro,
169,caio,INDUSTRIA E COMERCIO DE PLASTICOS...,Pessoa Jurídica,SAO PAULO,SÃO PAULO,
170,caju,MINERACAO CAJU LTDA,Pessoa Jurídica,SAO PAULO,SÃO PAULO,
171,castanha,CAJU ENERGIA LTDA,Pessoa Jurídica,SAO PAULO,SÃO PAULO,
172,CAJUGRAM,CAJUGRAM GRANITOS E MARMORES...,Pessoa Jurídica,VITÓRIA,ESPÍRITO SANTO,
173,CAJUINA SAO GERALDO,CAJUINA SAO GERALDO LTDA,Pessoa Jurídica,SAO PAULO,SÃO PAULO,
174,cal,INDUSTRIA E COMERCIO DE CONSERVAS...,Pessoa Jurídica,SAO PAULO,SÃO PAULO,
175,CAL ARCOIRIS,CAL ARCO IRIS LTDA,Pessoa Jurídica,SAO PAULO,SÃO PAULO,
176,cal cem,CAL CEM INDUSTRIA DE MINERIOS...,Pessoa Jurídica,SAO PAULO,SÃO PAULO,
177,CAL CRUZEIRO,INDUSTRIA DE CAL CRUZEIRO...,Pessoa Jurídica,VITÓRIA,ESPÍRITO SANTO,
178,CAL OESTE,CAL OESTE LTDA,Pessoa Jurídica,VITÓRIA,ESPÍRITO SANTO,
179,CAL RIO GRANDE,INDUSTRIA DE CAL RIO GRANDE...,Pessoa Jurídica,rio de janeiro,rio de janeiro,
180,cal san grancisco,INDUSTRIAS DE CAL SAN FRANCISCO...,Pessoa Jurídica,VITÓRIA,ESPÍRITO SANTO,
181,CAL-COMP,CAL-COMP INDUSTRIA E COMERCIO...,Pessoa Jurídica,VITÓRIA,ESPÍRITO SANTO,
182,CAL-COMP CCBS,CAL-COMP INDUSTRIA DE SEMICONDUTORES...,Pessoa Jurídica,VITÓRIA,ESPÍRITO SANTO,
183,CALAMO,CALAMO DISTRIBUIDORA DE PRODUTOS...,Pessoa Jurídica,VITÓRIA,ESPÍRITO SANTO,
184,CALANGO 1,CALANGO 1 ENERGIA RENOVAVEL...,Pessoa Jurídica,VITÓRIA,ESPÍRITO SANTO,
185,CALANGO 2,CALANGO 2 ENERGIA RENOVAVEL...,Pessoa Jurídica,BELO HORIZONTE,MINAS GERAIS,
186,CALANGO 3,CALANGO 3 ENERGIA RENOVAVEL...,Pessoa Jurídica,BELO HORIZONTE,MINAS GERAIS,
187,CALANGO 4,CALANGO 4 ENERGIA RENOVAVEL...,Pessoa Jurídica,BELO HORIZONTE,MINAS GERAIS,
188,CALANGO 5,CALANGO 5 ENERGIA RENOVAVEL...,Pessoa Jurídica,BELO HORIZONTE,MINAS GERAIS,
189,CALANGO 6,CALANGO 6 ENERGIA RENOVAVEL...,Pessoa Jurídica,SAO PAULO,SÃO PAULO,
190,CAMPI FRUTAS,CAMPI FRUTAS AGROINDUSTRIAL...,Pessoa Jurídica,VITÓRIA,ESPÍRITO SANTO,
191,CAMPIMAGEM,CAMPIMAGEM-CENTRO DE DIAG.POR...,Pessoa Jurídica,SAO PAULO,SÃO PAULO,
192,CAMPINAS AEROPORTO HOTEL,CAMPINAS AEROPORTO HOTEL EIRELI,Pessoa Jurídica,rio de janeiro,rio de janeiro,
193,CAMPINAS SHOPPING,CONDOMINIO CAMPINAS SHOPPING...,Pessoa Jurídica,SAO PAULO,SÃO PAULO,
194,CAMPINEIRA,INDUSTRIA CAMPINEIRA DE SABAO...,Pessoa Jurídica,SAO PAULO,SÃO PAULO,
195,CAMPING PAINEIRAS,CAMPING FAZENDA PAINEIRAS...,Pessoa Jurídica,SAO PAULO,SÃO PAULO,
196,CAMPO LARGO III,CLWP EOLICA PARQUE III S.A.,Pessoa Jurídica,rio de janeiro,rio de janeiro,
197,CAMPO LARGO IV,CLWP EOLICA PARQUE IV S.A.,Pessoa Jurídica,rio de janeiro,rio de janeiro,
198,CAMPO LARGO V,CLWP EOLICA PARQUE V S.A.,Pessoa Jurídica,rio de janeiro,rio de janeiro,
199,CAMPO LARGO VI,CLWP EOLICA PARQUE VI S.A.,Pessoa Jurídica,rio de janeiro,rio de janeiro,
200,CAMPO LARGO VII,CLWP EOLICA PARQUE VII S.A.,Pessoa Jurídica,SAO PAULO,SÃO PAULO,
201,CAMPO LARGO XXI,CLWP EOLICA PARQUE XXI S.A.,Pessoa Jurídica,rio de janeiro,rio de janeiro,
202,CAMPO LINDO,AGRO INDUSTRIAL CAMPO LINDO...,Pessoa Jurídica,SAO PAULO,SÃO PAULO,
203,CAMPOLIMPO,CAMPO LIMPO - RECICLAGEM E...,Pessoa Jurídica,rio de janeiro,rio de janeiro,
204,CAMPOLIMPO II,CAMPO LIMPO TAMPAS E RESINAS...,Pessoa Jurídica,rio de janeiro,rio de janeiro,
205,CAMTA,COOPERATIVA AGRICOLA MISTA...,Pessoa Jurídica,SAO PAULO,SÃO PAULO,
206,CAN-PACK,CAN-PACK BRASIL INDUSTRIA...,Pessoa Jurídica,SAO PAULO,SÃO PAULO,
207,CANAA,CANAA GERACAO DE ENERGIA S/A,Pessoa Jurídica,SAO PAULO,SÃO PAULO,
208,CANABRAVA,CANABRAVA ENERGETICA S/A,Pessoa Física,SAO PAULO,SÃO PAULO,
209,CANALARTEFATOS,CANAL ARTEFATOS METALICOS...,Pessoa Física,SAO PAULO,SÃO PAULO,
210,CANCAO NOVA,FUNDACAO JOAO PAULO II,Pessoa Física,SAO PAULO,SÃO PAULO,
211,CARLI,L.F.R.CARLI & CIA. LTDA.,Pessoa Física,SAO PAULO,SÃO PAULO,
212,CARLOS BECKER,CARLOS BECKER METALURGICA...,Pessoa Jurídica,SAO PAULO,SÃO PAULO,
213,CARMELO FIOR,CERAMICA CARMELO FIOR LTDA,Pessoa Jurídica,SAO PAULO,SÃO PAULO,
214,CARMO COURI,CARMO COURI ENGENHARIA E CONSTRUCOES...,Pessoa Jurídica,rio de janeiro,rio de janeiro,
215,CARMOCAL,MINERADORA CARMOCAL LTDA,Pessoa Física,rio de janeiro,rio de janeiro,
216,CARNAUBA,USINA DE ENERGIA EOLICA CARNAUBA...,Pessoa Jurídica,rio de janeiro,rio de janeiro,
217,CARNEMI,CARNEMI FUNDICAO INDUSTRIA...,Pessoa Física,SAO PAULO,SÃO PAULO,
218,CARNEVALLI,A CARNEVALLI CIA LTDA,Pessoa Física,SAO PAULO,SÃO PAULO,
219,CAROLINA MOVEIS,CAROLINA BABY MOVEIS INFANTIS...,Pessoa Física,SAO PAULO,SÃO PAULO,
220,CARRARO,MOVEIS CARRARO LTDA,Pessoa Física,rio de janeiro,rio de janeiro,
221,CARREFOUR,CARREFOUR COMERCIO E INDUSTRIA...,Pessoa Jurídica,BELO HORIZONTE,MINAS GERAIS,
222,CARREFOUR II,COMERCIAL DE ALIMENTOS CARREFOUR...,Pessoa Jurídica,SAO PAULO,SÃO PAULO,
223,CARRER ALIMENTOS,CARRER ALIMENTOS LTDA,Pessoa Física,SAO PAULO,SÃO PAULO,
224,CARROSSEL,N F SUPERMERCADOS LTDA,Pessoa Jurídica,SAO PAULO,SÃO PAULO,
225,CARTA FABRIL CL,CARTA GOIAS INDUSTRIA E COMERCIO...,Pessoa Jurídica,VITÓRIA,ESPÍRITO SANTO,
226,CARTON PACK,EMBALAGEM CARTON PACK LTDA,Pessoa Física,VITÓRIA,ESPÍRITO SANTO,
227,CARTONAGEM,CARTONAGEM JAUENSE LTDA,Pessoa Física,VITÓRIA,ESPÍRITO SANTO,
228,CARTONAGEM BATISTENSE,CARTONAGEM BATISTENSE LTDA,Pessoa Física,VITÓRIA,ESPÍRITO SANTO,
229,CARTONALE,CARTONALE INDUSTRIA E BENEFICIAMENTO...,Pessoa Jurídica,SAO PAULO,SÃO PAULO,
230,CARTONDRUCK,CARTONDRUCK GRAFICA LTDA,Pessoa Jurídica,SAO PAULO,SÃO PAULO,
231,CARTONIFICIO,CARTONIFICIO VALINHOS S A,Pessoa Jurídica,SAO PAULO,SÃO PAULO,
232,DISSOLTEX,DISSOLTEX INDUSTRIA QUIMICA...,Pessoa Jurídica,SAO PAULO,SÃO PAULO,
233,DIST DE ALIMENTOS ALBUQUERQUE,DISTRIBUIDORA DE ALIMENTOS...,Pessoa Física,SAO PAULO,SÃO PAULO,
234,DIST RIO MINAS,DISTRIBUIDORA DE EMBALAGENS...,Pessoa Física,rio de janeiro,rio de janeiro,
235,DISTON,DISTON PARTICIPACOES E CONSTRUCOES...,Pessoa Física,rio de janeiro,rio de janeiro,
236,DISTRIB ARAGUAIA,CDA COMPANHIA DE DISTRIBUICAO...,Pessoa Jurídica,rio de janeiro,rio de janeiro,
237,DISTRIBOI,"DISTRIBOI - INDUSTRIA, COMERCIO...",Pessoa Física,rio de janeiro,rio de janeiro,
238,DITALIA,DITALIA MOVEIS INDUSTRIAL...,Pessoa Jurídica,SAO PAULO,SÃO PAULO,
239,DIVIBRAS,DIVIBRAS COMERCIO DE VIDROS...,Pessoa Física,SAO PAULO,SÃO PAULO,
240,DIVIMAX,DIVIMAX INDUSTRIA E COMERCIO...,Pessoa Física,VITÓRIA,ESPÍRITO SANTO,
241,DIVINAL,DIVINAL DISTRIBUIDORA DE VIDROS...,Pessoa Física,VITÓRIA,ESPÍRITO SANTO,
242,DIVINAL MINEIRA,DIVINAL MINEIRA VIDROS E ESPELHOS...,Pessoa Física,VITÓRIA,ESPÍRITO SANTO,
243,DIVINE VIDROS,DIVINE VIDROS DE SEGURANCA...,Pessoa Física,VITÓRIA,ESPÍRITO SANTO,
244,DIVISA,DIVISA ENERGIA LTDA,Pessoa Física,VITÓRIA,ESPÍRITO SANTO,
245,DIVISAO WALITA,PHILIPS DO BRASIL LTDA,Pessoa Física,VITÓRIA,ESPÍRITO SANTO,
246,dix,DIX ADMINISTRACAO E EMPREENDIMENTOS...,Pessoa Jurídica,BELO HORIZONTE,MINAS GERAIS,
247,dj moveis,DJ INDUSTRIA E COMERCIO DE...,Pessoa Jurídica,BELO HORIZONTE,MINAS GERAIS,
248,DJM CEREAIS,DJM INDUSTRIA DE ALIMENTOS...,Pessoa Jurídica,BELO HORIZONTE,MINAS GERAIS,
249,DM EMP,DM EMPREENDIMENTOS COMERCIAIS...,Pessoa Jurídica,BELO HORIZONTE,MINAS GERAIS,
250,DM HOTELARIA,DM HOTELARIA E SERVICOS LTDA,Pessoa Jurídica,SAO PAULO,SÃO PAULO,
251,DMA EPA,DMA DISTRIBUIDORA S/A,Pessoa Física,SAO PAULO,SÃO PAULO,
252,DMED,DME DISTRIBUICAO S.A. - DMED,Pessoa Física,SAO PAULO,SÃO PAULO,
253,EMBALAGENS VIVA,EMBALAGENS VIVA INDUSTRIA...,Pessoa Jurídica,rio de janeiro,rio de janeiro,
254,EMBALATEC,EMBALATEC INDUSTRIAL LTDA,Pessoa Jurídica,rio de janeiro,rio de janeiro,
255,EMBALIXO,EMBALIXO INDUSTRIA E COMERCIO...,Pessoa Física,rio de janeiro,rio de janeiro,
256,EMBAPLASTIK,SEGATO & FRASCARELI EMBALAGENS...,Pessoa Física,rio de janeiro,rio de janeiro,
257,EMBARE,EMBARE INDUSTRIAS ALIMENTICIAS...,Pessoa Física,rio de janeiro,rio de janeiro,
258,EMBASA,EMPRESA BAIANA DE AGUAS E...,Pessoa Jurídica,rio de janeiro,rio de janeiro,
259,EMBASUL,CTM INDUSTRIA E COMERCIO DE...,Pessoa Física,SAO PAULO,SÃO PAULO,
260,EMBAUBA,HIDRELETRICA EMBAUBA S/A,Pessoa Física,SAO PAULO,SÃO PAULO,
261,EMBDIADEMA,EMBALAGENS FLEXIVEIS DIADEMA...,Pessoa Jurídica,rio de janeiro,rio de janeiro,
262,EMBRACO INDUSTRIA,EMBRACO INDUSTRIA DE COMPRESSORES...,Pessoa Jurídica,rio de janeiro,rio de janeiro,
263,EMBRAER,EMBRAER S.A.,Pessoa Jurídica,rio de janeiro,rio de janeiro,
264,EMBRAMACO,EMBRAMACO - EMPRESA BRASILEIRA...,Pessoa Jurídica,SAO PAULO,SÃO PAULO,
265,EMBRAPORT,EMBRAPORT EMPRESA BRASILEIRA...,Pessoa Jurídica,SAO PAULO,SÃO PAULO,
266,EMBRASA,EMBRASA EMBALAGEM BRASILEIRA...,Pessoa Jurídica,SAO PAULO,SÃO PAULO,
267,EMBRASATEC,EMBRASATEC INDUSTRIA E COMERCIO...,Pessoa Física,SAO PAULO,SÃO PAULO,
268,EMBRASIL IMPRESSORA,EMBRASIL IMPRESSORA LTDA,Pessoa Física,SAO PAULO,SÃO PAULO,
269,EMBU ENG E COM,EMBU S A ENGENHARIA E COMERCIO,Pessoa Física,SAO PAULO,SÃO PAULO,
270,EMEWE,EMEWE COMERCIALIZACAO DE ENERGIA...,Pessoa Física,SAO PAULO,SÃO PAULO,
271,EMFOL,EMFOL - EMPRESA DE MINERACAO...,Pessoa Física,SAO PAULO,SÃO PAULO,
272,EMIBRA,EMIBRA IND E COM DE EMBALAGENS...,Pessoa Jurídica,SAO PAULO,SÃO PAULO,
273,EMICOL,EMICOL ELETRO ELETRONICA S.A.,Pessoa Jurídica,SAO PAULO,SÃO PAULO,
274,EMILIANO RJ,EMILIANO RJ EMPREENDIMENTOS...,Pessoa Física,SAO PAULO,SÃO PAULO,
275,EMPETUR,EMPRESA DE TURISMO DE PERNAMBUCO...,Pessoa Física,rio de janeiro,rio de janeiro,
276,EMPLAL,EMPLAL C.O. EMBALAGENS PLASTICAS...,Pessoa Jurídica,BELO HORIZONTE,MINAS GERAIS,
277,EMPLAL NE,EMPLAL NORDESTE EMBALAGENS...,Pessoa Física,SAO PAULO,SÃO PAULO,
278,EMPLASTIC,EMPLASTIC INDUSTRIA E COMERCIO...,Pessoa Física,SAO PAULO,SÃO PAULO,
279,EMPRESA CATARINENSE,EMPRESA CATARINENSE DE SUPERMERCADOS...,Pessoa Física,SAO PAULO,SÃO PAULO,
280,EMS SA,EMS S/A,Pessoa Física,VITÓRIA,ESPÍRITO SANTO,
281,EMULZINT,EMULZINT ADITIVOS ALIMENTICIOS...,Pessoa Física,VITÓRIA,ESPÍRITO SANTO,
282,ENDUTEX BRASIL,ENDUTEX BRASIL LTDA.,Pessoa Jurídica,VITÓRIA,ESPÍRITO SANTO,
283,ENDUTEX FILIAL,ENDUTEX BRASIL LTDA.,Pessoa Física,VITÓRIA,ESPÍRITO SANTO,
284,ENECEL,"ENECEL ENERGIA, COMERCIALIZACAO...",Pessoa Jurídica,SAO PAULO,SÃO PAULO,
285,ENEL,ENEL SOLUCOES ENERGETICAS...,Pessoa Jurídica,SAO PAULO,SÃO PAULO,
286,ENEL ITUVERAVA SOLAR,ENEL GREEN POWER ITUVERAVA...,Pessoa Jurídica,rio de janeiro,rio de janeiro,
287,ENEL NORTE SOLAR,ENEL GREEN POWER ITUVERAVA...,Pessoa Jurídica,SAO PAULO,SÃO PAULO,
288,ENEL PARANAPANEMA CONV,ENEL GREEN POWER PARANAPANEMA...,Pessoa Física,SAO PAULO,SÃO PAULO,
289,ENEL SANTA ANGELA 11,ENEL GREEN POWER VENTOS DE...,Pessoa Jurídica,SAO PAULO,SÃO PAULO,
290,ENEL SUL SOLAR,ENEL GREEN POWER ITUVERAVA...,Pessoa Jurídica,SAO PAULO,SÃO PAULO,
291,ENEL TRADING BRASIL,ENEL TRADING BRASIL S.A,Pessoa Jurídica,rio de janeiro,rio de janeiro,
292,ENERCAN,CAMPOS NOVOS ENERGIA S.A.,Pessoa Física,rio de janeiro,rio de janeiro,
293,ENERCASA,ENERCASA - ENERGIA CAIUA S/A,Pessoa Jurídica,rio de janeiro,rio de janeiro,
294,ENERGAS,ENERGAS GERACAO DE ENERGIA...,Pessoa Física,SAO PAULO,SÃO PAULO,
295,F AMERICANO ABAT,SANTA IZABEL ALIMENTOS LTDA,Pessoa Jurídica,SAO PAULO,SÃO PAULO,
296,F AMERICANO AVINEL,SANTA IZABEL ALIMENTOS LTDA,Pessoa Jurídica,SAO PAULO,SÃO PAULO,
297,F AMERICANO INCUB,SANTA IZABEL ALIMENTOS LTDA,Pessoa Jurídica,SAO PAULO,SÃO PAULO,
298,F AMERICANO RACAO,SANTA IZABEL ALIMENTOS LTDA,Pessoa Jurídica,SAO PAULO,SÃO PAULO,
299,F ITABAIANA,FIACAO ITABAIANA LTDA,Pessoa Jurídica,SAO PAULO,SÃO PAULO,
300,F M G ENERGIA,F M G ENERGIA LTDA,Pessoa Jurídica,SAO PAULO,SÃO PAULO,
301,F M U DIREITO,FACULDADES METROPOLITANAS...,Pessoa Física,VITÓRIA,ESPÍRITO SANTO,
302,F MOGUL ARARAS,FEDERAL-MOGUL SISTEMAS AUTOMOTIVOS...,Pessoa Física,VITÓRIA,ESPÍRITO SANTO,
303,F MOGUL DIAD,FEDERAL-MOGUL SISTEMAS AUTOMOTIVOS...,Pessoa Física,VITÓRIA,ESPÍRITO SANTO,
304,FA FILIAL MEC,FCA FIAT CHRYSLER AUTOMOVEIS...,Pessoa Física,VITÓRIA,ESPÍRITO SANTO,
305,FA MARINGA,FA MARINGA LTDA,Pessoa Física,VITÓRIA,ESPÍRITO SANTO,
306,FA VARGEM GRANDE,SANTA IZABEL ALIMENTOS LTDA,Pessoa Física,VITÓRIA,ESPÍRITO SANTO,
307,FABBOF,FABBOF INDUSTRIA METALURGICA...,Pessoa Física,BELO HORIZONTE,MINAS GERAIS,
308,FABER CASTEL AMAZONIA,A. W. FABER-CASTELL AMAZONIA...,Pessoa Física,BELO HORIZONTE,MINAS GERAIS,
309,FABER CASTELL,A.W. FABER CASTELL S.A.,Pessoa Física,BELO HORIZONTE,MINAS GERAIS,
310,FABINJECT,FABINJECT INDUSTRIA PLASTICA...,Pessoa Jurídica,BELO HORIZONTE,MINAS GERAIS,
311,FABIO PERINI,FABIO PERINI INDUSTRIA E COMERCIO...,Pessoa Física,SAO PAULO,SÃO PAULO,
312,FABRICA VITORIA PARA,INDUSTRIA E COMERCIO DE ALIMENTOS...,Pessoa Jurídica,SAO PAULO,SÃO PAULO,
313,FABRICAL,FABRICAL FABRICA DE CAL SA,Pessoa Jurídica,SAO PAULO,SÃO PAULO,
314,FABRICIO,FABRICIO INDUSTRIA PETROQUIMICA...,Pessoa Jurídica,rio de janeiro,rio de janeiro,
315,FABRIMAR,FABRIMAR S A INDUSTRIA E COMERCIO,Pessoa Jurídica,rio de janeiro,rio de janeiro,
316,FACCHINI,FACCHINI S/A,Pessoa Jurídica,rio de janeiro,rio de janeiro,
317,FACEPA,FACEPA FABRICA DE PAPEL DA...,Pessoa Jurídica,rio de janeiro,rio de janeiro,
318,FACS,FACS SERVICOS EDUCACIONAIS...,Pessoa Jurídica,rio de janeiro,rio de janeiro,
319,FACTOPLAST,FACTOPLAST INDUSTRIA E COMERCIO...,Pessoa Jurídica,rio de janeiro,rio de janeiro,
320,FACULDADE LA SALLE,SOCIEDADE PORVIR CIENTIFICO,Pessoa Jurídica,SAO PAULO,SÃO PAULO,
321,FACULDADE SAO LUIS,ASSOCIACAO JABOTICABALENSE...,Pessoa Jurídica,VITÓRIA,ESPÍRITO SANTO,
322,FACULDADES ALFA,CENTRO EDUCACIONAL ALVES FARIA...,Pessoa Jurídica,SAO PAULO,SÃO PAULO,
323,FACULDADES CATHEDRAL,FACULDADE CATHEDRAL DE ENSINO...,Pessoa Jurídica,SAO PAULO,SÃO PAULO,
324,FADALEAL,FADALEAL SUPERMERCADOS LTDA,Pessoa Jurídica,SAO PAULO,SÃO PAULO,
325,FAE,FAE SISTEMAS DE MEDICAO S/A,Pessoa Jurídica,rio de janeiro,rio de janeiro,
326,FAENZA,FAENZA PLANEJADOS LTDA,Pessoa Física,rio de janeiro,rio de janeiro,
327,FAESA,FUNDACAO DE ASSISTENCIA E...,Pessoa Jurídica,rio de janeiro,rio de janeiro,
328,FAGOR,FAGOR EDERLAN BRASILEIRA AUTO-PECAS...,Pessoa Física,rio de janeiro,rio de janeiro,
329,FAIG,FAIG - FUNDICAO DE ACO INOX...,Pessoa Física,rio de janeiro,rio de janeiro,
330,FAIRES,FUNDICAO VENANCIO AIRES LTDA,Pessoa Jurídica,rio de janeiro,rio de janeiro,
331,FAJ,INSTITUTO EDUCACIONAL JAGUARY...,Pessoa Jurídica,SAO PAULO,SÃO PAULO,
332,FAKINI,FKN TEXTIL LTDA,Pessoa Jurídica,SAO PAULO,SÃO PAULO,
333,FALLGATTER,METALURGICA FALLGATTER LTDA,Pessoa Física,SAO PAULO,SÃO PAULO,
334,FAMA BRASIL,FAMA DO BRASIL INDUSTRIA DE...,Pessoa Física,SAO PAULO,SÃO PAULO,
335,FAMA METALS,FAMA METALS INDÚSTRIA DE ARTEFATOS...,Pessoa Jurídica,SAO PAULO,SÃO PAULO,
336,FAMA MOVEIS,FAMA MOVEIS DE TUPA LTDA,Pessoa Jurídica,SAO PAULO,SÃO PAULO,
337,FAMASTILM,PRAT-K MOVEIS E FERRAMENTAS...,Pessoa Física,rio de janeiro,rio de janeiro,
338,FAME CL,FAME - FABRICA DE APARELHOS...,Pessoa Jurídica,BELO HORIZONTE,MINAS GERAIS,
339,FAMOSSUL,FAMOSSUL MADEIRAS S/A,Pessoa Física,SAO PAULO,SÃO PAULO,
340,FANAVID,FANAVID FABRICA NACIONAL DE...,Pessoa Jurídica,SAO PAULO,SÃO PAULO,
341,FANIA,FANIA COMERCIO E INDUSTRIA...,Pessoa Jurídica,SAO PAULO,SÃO PAULO,
342,FANOR DUNAS,ADTALEM EDUCACIONAL DO BRASIL...,Pessoa Física,VITÓRIA,ESPÍRITO SANTO,
343,FANTE,FANTE INDUSTRIA DE BEBIDAS...,Pessoa Física,VITÓRIA,ESPÍRITO SANTO,
344,FAPASA,FAPASA FABRICA DE PAPEL LTDA,Pessoa Física,VITÓRIA,ESPÍRITO SANTO,
345,FAPOLPA INDUSTRIA,FAPOLPA INDUSTRIA DE PAPEL...,Pessoa Física,VITÓRIA,ESPÍRITO SANTO,
346,FAQUEADAS,INDUSTRIA DE MADEIRAS FAQUEADAS...,Pessoa Física,SAO PAULO,SÃO PAULO,
347,FARBEN,FARBEN SA INDUSTRIA QUIMICA,Pessoa Jurídica,SAO PAULO,SÃO PAULO,
348,FAREVA,"FAREVA DESENVOLVIMENTO, FABRICACAO...",Pessoa Jurídica,rio de janeiro,rio de janeiro,
349,FARFRI,FARFRI INDUSTRIA E COMERCIO...,Pessoa Jurídica,rio de janeiro,rio de janeiro,
350,FARIA LIMA SQUARE,EDIFICIO FARIA LIMA SQUARE,Pessoa Jurídica,rio de janeiro,rio de janeiro,
351,FARID VAREJO,FARID VAREJO LTDA,Pessoa Jurídica,rio de janeiro,rio de janeiro,
352,FARIMA,FARIMA INDUSTRIA E COMERCIO...,Pessoa Jurídica,SAO PAULO,SÃO PAULO,
353,FARINA,FARINA S/A COMPONENTES AUTOMOTIVOS,Pessoa Física,SAO PAULO,SÃO PAULO,
354,FARINHA PINDUCA,PINDUCA INDUSTRIA ALIMENTICIA...,Pessoa Física,SAO PAULO,SÃO PAULO,
355,FARMA,FARMA LOGISTICA E ARMAZENS...,Pessoa Física,SAO PAULO,SÃO PAULO,
356,FARMACAP,FARMACAP INDUSTRIA E COMERCIO...,Pessoa Jurídica,SAO PAULO,SÃO PAULO,
357,FARMAPLAS,FARMAPLAS RECICLAGEM INDUSTRIA...,Pessoa Jurídica,SAO PAULO,SÃO PAULO,
358,FARMAPLAST,FARMAPLAST INDUSTRIA DE EMBALAGEM...,Pessoa Jurídica,SAO PAULO,SÃO PAULO,
359,FARMARIN,FARMARIN INDUSTRIA E COMERCIO...,Pessoa Jurídica,SAO PAULO,SÃO PAULO,
360,FARMINA,FARMINA PET FOODS BRASIL LTDA,Pessoa Jurídica,VITÓRIA,ESPÍRITO SANTO,
361,FAROL,GE FAROL S/A,Pessoa Jurídica,VITÓRIA,ESPÍRITO SANTO,
362,FAROS,FAROS INDUSTRIA DE FARINHA...,Pessoa Física,VITÓRIA,ESPÍRITO SANTO,
363,FARROUPILHA,LALLEMAND SOLUCOES AGROBIOLOGICAS...,Pessoa Física,VITÓRIA,ESPÍRITO SANTO,
364,FASANO,HOTEL MARCO INTERNACIONAL...,Pessoa Física,VITÓRIA,ESPÍRITO SANTO,
365,FASHION MALL,CONDOMINIO SAO CONRADO FASHION...,Pessoa Jurídica,VITÓRIA,ESPÍRITO SANTO,
366,FASIPE,FASIPE CENTRO EDUCACIONAL...,Pessoa Jurídica,BELO HORIZONTE,MINAS GERAIS,
367,FAST GONDOLAS,FAST GONDOLAS EQUIPAMENTOS...,Pessoa Física,BELO HORIZONTE,MINAS GERAIS,
368,FASTPLAS,FASTPLAS AUTOMOTIVE LTDA.,Pessoa Física,BELO HORIZONTE,MINAS GERAIS,
369,FATEX,"FATEX INDUSTRIA, COMERCIO,...",Pessoa Física,BELO HORIZONTE,MINAS GERAIS,
370,FATOR ENERGIA,FATOR ENERGIA LTDA,Pessoa Jurídica,SAO PAULO,SÃO PAULO,
371,FAULIN TELHAS,FAULIN TELHAS LTDA,Pessoa Jurídica,SAO PAULO,SÃO PAULO,
372,FAURECIA DDA,FAURECIA AUTOMOTIVE DO BRASIL...,Pessoa Física,SAO PAULO,SÃO PAULO,
373,FAURECIA QB,FAURECIA AUTOMOTIVE DO BRASIL...,Pessoa Física,rio de janeiro,rio de janeiro,
374,FAURECIA SBC,FAURECIA AUTOMOTIVE DO BRASIL...,Pessoa Física,rio de janeiro,rio de janeiro,
375,FAURECIA SJP,FAURECIA AUTOMOTIVE DO BRASIL...,Pessoa Jurídica,rio de janeiro,rio de janeiro,
376,FAV,FAV - FUNDICAO AGUA VERMELHA...,Pessoa Física,rio de janeiro,rio de janeiro,
377,FAVORITO,COMERCIAL PRAIAS BELAS LTDA,Pessoa Física,rio de janeiro,rio de janeiro,
378,FAZENDA,ENEL GREEN POWER FAZENDA S.A,Pessoa Física,rio de janeiro,rio de janeiro,
379,GELOTIMO BH,MEGA GELOTIMO MINAS LTDA,Pessoa Física,SAO PAULO,SÃO PAULO,
380,GEM ALIMENTOS,GEM AGROINDUSTRIAL E COMERCIAL...,Pessoa Física,SAO PAULO,SÃO PAULO,
381,GEMALTO,THALES DIS BRASIL CARTOES...,Pessoa Física,SAO PAULO,SÃO PAULO,
382,GENCAU,GENCAU SAO PAULO - INDUSTRIA...,Pessoa Física,SAO PAULO,SÃO PAULO,
383,GENERAL CABLE,GENERAL CABLE BRASIL INDUSTRIA...,Pessoa Física,rio de janeiro,rio de janeiro,
384,GENERAL CHAINS,GENERAL CHAINS DO BRASIL LTDA.,Pessoa Física,rio de janeiro,rio de janeiro,
385,GENERAL MILLS,GENERAL MILLS BRASIL ALIMENTOS...,Pessoa Física,rio de janeiro,rio de janeiro,
386,GENESEAS,GENESEAS AQUACULTURA LTDA,Pessoa Física,rio de janeiro,rio de janeiro,
387,GENESIS ENERG,GENESIS ENERGETICA SA.,Pessoa Física,rio de janeiro,rio de janeiro,
388,GENIALFLEX,GENIALFLEX MOVEIS LTDA,Pessoa Física,rio de janeiro,rio de janeiro,
389,GENIX,GENIX - INDUSTRIA FARMACEUTICA...,Pessoa Física,SAO PAULO,SÃO PAULO,
390,GENOVA,GENOVA INDUSTRIA E COMERCIO...,Pessoa Jurídica,SAO PAULO,SÃO PAULO,
391,GENSYS,GENSYS TECNOLOGIA E SISTEMAS...,Pessoa Jurídica,SAO PAULO,SÃO PAULO,
392,GEO ELETRICA,GEO ELETRICA TAMBOARA BIOENERGIA...,Pessoa Física,SAO PAULO,SÃO PAULO,
393,GEOBV,EOLICA BAIXA VERDE S.A.,Pessoa Física,rio de janeiro,rio de janeiro,
394,GEOCAL,GEOCAL MINERACOES LTDA.,Pessoa Física,BELO HORIZONTE,MINAS GERAIS,
395,GEOCV,EOLICA CABECO VERMELHO S.A.,Pessoa Jurídica,SAO PAULO,SÃO PAULO,
396,GEOCV II,EOLICA CABECO VERMELHO II...,Pessoa Jurídica,SAO PAULO,SÃO PAULO,
397,GEOLAB,GEOLAB INDUSTRIA FARMACEUTICA...,Pessoa Física,SAO PAULO,SÃO PAULO,
398,GEOTEX,GEOTEX ACESSORIOS DO VESTUARIO...,Pessoa Física,VITÓRIA,ESPÍRITO SANTO,
399,GEPCO,GEPCO INDUSTRIA E COMERCIO...,Pessoa Física,VITÓRIA,ESPÍRITO SANTO,
400,GE INDUSTRIAL,ABB INDUSTRIAL CONNECTIONS...,Pessoa Física,VITÓRIA,ESPÍRITO SANTO,
401,GE JANDIRA,GE OIL & GAS DO BRASIL...,Pessoa Física,VITÓRIA,ESPÍRITO SANTO,
402,GE POWER,GE POWER CONVERSION BRASIL...,Pessoa Física,SAO PAULO,SÃO PAULO,
403,GE RESEARCH,GE CENTRO BRASILEIRO DE PESQUISAS...,Pessoa Jurídica,SAO PAULO,SÃO PAULO,
404,GE TAUBATE,GE ENERGIAS RENOVAVEIS LTDA.,Pessoa Jurídica,SAO PAULO,SÃO PAULO,
405,GE WELLSTREAM,GE OIL & GAS DO BRASIL...,Pessoa Jurídica,SAO PAULO,SÃO PAULO,
406,GEBON,GEBON SORVETES LTDA,Pessoa Jurídica,SAO PAULO,SÃO PAULO,
407,GECAL,GECAL INDUSTRIA E COMERCIO...,Pessoa Jurídica,rio de janeiro,rio de janeiro,
408,GECAL SERRA,GECAL SERRA INDUSTRIA E COMERCIO...,Pessoa Física,rio de janeiro,rio de janeiro,
409,GECELE,GECELE METALURGICA LTDA,Pessoa Física,rio de janeiro,rio de janeiro,
410,GEDORE,FERRAMENTAS GEDORE DO BRASIL...,Pessoa Física,rio de janeiro,rio de janeiro,
411,GELICIA,BALDISSERA & FILHO LTDA,Pessoa Jurídica,rio de janeiro,rio de janeiro,
412,GELITA,GELITA DO BRASIL LTDA.,Pessoa Jurídica,SAO PAULO,SÃO PAULO,
413,GELIUS MOVEIS,GELIUS-INDUSTRIA DE MOVEIS...,Pessoa Física,SAO PAULO,SÃO PAULO,
414,GELLAK,GELLAK INDUSTRIA E COMERCIO...,Pessoa Jurídica,VITÓRIA,ESPÍRITO SANTO,
415,GELNEX,GELNEX INDUSTRIA E COMERCIO...,Pessoa Jurídica,VITÓRIA,ESPÍRITO SANTO,
416,GELO ARIS,ARIS INDUSTRIA E COMERCIO...,Pessoa Jurídica,VITÓRIA,ESPÍRITO SANTO,
417,GELO MONTE CLARO,INDUSTRIA ALIMENTICIA MONTE...,Pessoa Física,VITÓRIA,ESPÍRITO SANTO,
418,GELO PINGUIM,MARGARETH CASTILHO DE MATOS,Pessoa Física,VITÓRIA,ESPÍRITO SANTO,
419,GELOSIA,GELOSIA ARMAZENAGEM FRIGORIFICA...,Pessoa Jurídica,VITÓRIA,ESPÍRITO SANTO,
420,GELOTIMO,FABRICA DE GELO RAMIA E MARQUES...,Pessoa Física,BELO HORIZONTE,MINAS GERAIS,
421,GARROTE,CENTRAL EOLICA GARROTE S.A.,Pessoa Física,BELO HORIZONTE,MINAS GERAIS,
422,GARTHEN,GARTHEN INDUSTRIA E COMERCIO...,Pessoa Jurídica,BELO HORIZONTE,MINAS GERAIS,
423,GARUVAABRASIVOS,GARUVA ABRASIVOS LTDA,Pessoa Jurídica,BELO HORIZONTE,MINAS GERAIS,
424,GAS VERDE SE,GAS VERDE S/A,Pessoa Jurídica,SAO PAULO,SÃO PAULO,
425,GASCOM,GASCOM COMERCIALIZADORA DE...,Pessoa Jurídica,SAO PAULO,SÃO PAULO,
426,GASTAO,GASTAO SCHWENGBER & CIA...,Pessoa Jurídica,SAO PAULO,SÃO PAULO,
427,GATES,GATES DO BRASIL INDUSTRIA...,Pessoa Física,rio de janeiro,rio de janeiro,
428,GAVEA,GAVEA COMERCIALIZADORA DE...,Pessoa Jurídica,rio de janeiro,rio de janeiro,
429,GAZIN MOLAS,GAZIN INDUSTRIA E COMERCIO...,Pessoa Jurídica,rio de janeiro,rio de janeiro,
430,GAZIN MOVEIS,GAZIN INDUSTRIA E COMERCIO...,Pessoa Física,rio de janeiro,rio de janeiro,
431,GCA,GCA COMERCIALIZADORA DE ENERGIA...,Pessoa Jurídica,rio de janeiro,rio de janeiro,
432,GCABE ELECTRIC,GCABE ELECTRIC CONDUCTORS...,Pessoa Jurídica,rio de janeiro,rio de janeiro,
433,GCABE PRODUTOS,GCABE PRODUTOS ELETRICOS LTDA,Pessoa Física,SAO PAULO,SÃO PAULO,
434,GDC MATRIZ,GDC ALIMENTOS S.A,Pessoa Jurídica,SAO PAULO,SÃO PAULO,
435,GDM,GDM INDUSTRIA E COMERCIO DE...,Pessoa Física,SAO PAULO,SÃO PAULO,
436,GE ALSTOM BANDEIRANTE,GE ENERGIAS RENOVAVEIS LTDA.,Pessoa Jurídica,SAO PAULO,SÃO PAULO,
437,GE ALSTOM ITAJUBA,GRID SOLUTIONS TRANSMISSAO...,Pessoa Física,SAO PAULO,SÃO PAULO,
438,GE CAMACARI,GE ENERGIAS RENOVAVEIS LTDA.,Pessoa Jurídica,rio de janeiro,rio de janeiro,
439,GE CELMA,GE CELMA LTDA.,Pessoa Jurídica,rio de janeiro,rio de janeiro,
440,GE GRID CANOAS,GRID SOLUTIONS TRANSMISSAO...,Pessoa Física,rio de janeiro,rio de janeiro,
441,GE HEALTHCARE MATRIZ,GE HEALTHCARE DO BRASIL COMERCIO...,Pessoa Jurídica,rio de janeiro,rio de janeiro,
442,G PANIZ,G PANIZ INDUSTRIA DE EQUIPAMENTOS...,Pessoa Jurídica,rio de janeiro,rio de janeiro,
443,G&D,G & D GERADORA DE ENERGIA...,Pessoa Jurídica,SAO PAULO,SÃO PAULO,
444,G-KT DO BRASIL,G-KT DO BRASIL LTDA,Pessoa Física,SAO PAULO,SÃO PAULO,
445,G13 MADEIRAS,G 13 MADEIRAS LTDA,Pessoa Física,SAO PAULO,SÃO PAULO,
446,GAAM,GAAM INDUSTRIA E COMERCIO...,Pessoa Jurídica,SAO PAULO,SÃO PAULO,01.925.400/0001-00
447,GABOARDI,SA FOSFOROS GABOARDI,Pessoa Física,SAO PAULO,SÃO PAULO,01.925.400/0001-01
448,GAC,GAC - GESTAO DE CONDOMINIOS...,Pessoa Jurídica,SAO PAULO,SÃO PAULO,01.925.400/0001-02
449,GACO,GERDAU ACOMINAS S/A,Pessoa Jurídica,rio de janeiro,rio de janeiro,01.925.400/0001-03
450,GALA,GALA - IBB INDUSTRIA BRASILEIRA...,Pessoa Jurídica,SAO PAULO,SÃO PAULO,01.925.400/0001-04
451,GALB,GERDAU ACOS LONGOS S.A.,Pessoa Jurídica,BELO HORIZONTE,MINAS GERAIS,01.925.400/0001-05
452,GALEGAO,SUPER SUPERMERCADOS EIRELI,Pessoa Física,SAO PAULO,SÃO PAULO,01.925.400/0001-06
453,GALICIA,GALICIA DESENVOLVIMENTO IMOBILIARIO...,Pessoa Física,SAO PAULO,SÃO PAULO,01.925.400/0001-07
454,GALPLAST,GALPLAST PLASTICOS EIRELI,Pessoa Física,SAO PAULO,SÃO PAULO,01.925.400/0001-08
455,GALVANI MINERACAO,GALVANI MINERACAO E PARTICIPACOES...,Pessoa Jurídica,VITÓRIA,ESPÍRITO SANTO,01.925.400/0001-09
456,GALVANOTEK,GALVANOTEK EMBALAGENS LTDA.,Pessoa Física,VITÓRIA,ESPÍRITO SANTO,01.925.400/0001-10
457,GALZERANO,GALZERANO INDUSTRIA DE CARRINHOS...,Pessoa Jurídica,VITÓRIA,ESPÍRITO SANTO,01.925.400/0001-11
458,GAMA,GAMA COMERCIALIZADORA DE ENERGIA...,Pessoa Jurídica,rio de janeiro,rio de janeiro,01.925.400/0001-12
459,GANDINI,GANDINI PARTICIPACOES E REPRESENTACOES...,Pessoa Física,SAO PAULO,SÃO PAULO,01.925.400/0001-13
460,GARBONI,GARBONI INDUSTRIA DE PLASTICOS...,Pessoa Jurídica,SAO PAULO,SÃO PAULO,01.925.400/0001-14
461,GAREN,GAREN AUTOMACAO S/A,Pessoa Física,SAO PAULO,SÃO PAULO,01.925.400/0001-15
462,GAROTO,CHOCOLATES GAROTO LTDA.,Pessoa Jurídica,SAO PAULO,SÃO PAULO,01.925.400/0001-16
463,H HOTEL NITEROI,HOTEL E BAR PRAIA DAS FLEXAS...,Pessoa Física,SAO PAULO,SÃO PAULO,01.925.400/0001-17
464,H&A,H & A FERRO E ACO LTDA,Pessoa Física,SAO PAULO,SÃO PAULO,01.925.400/0001-18
465,HAC JAHU,FUNDACAO DOUTOR AMARAL CARVALHO,Pessoa Física,SAO PAULO,SÃO PAULO,01.925.400/0001-19
466,HACKER,HACKER INDUSTRIAL LTDA,Pessoa Física,SAO PAULO,SÃO PAULO,01.925.400/0001-20
467,HACO ETIQUETAS,HACO ETIQUETAS LTDA,Pessoa Jurídica,SAO PAULO,SÃO PAULO,01.925.400/0001-21
468,HACO ETIQUETAS NOR,HACO ETIQUETAS DO NORDESTE...,Pessoa Jurídica,SAO PAULO,SÃO PAULO,01.925.400/0001-22
469,HADEX,HADEX COMERCIO E INDUSTRIA...,Pessoa Jurídica,SAO PAULO,SÃO PAULO,01.925.400/0001-23
470,HAGA,HAGA S/A INDUSTRIA E COMERCIO,Pessoa Jurídica,SAO PAULO,SÃO PAULO,01.925.400/0001-24
471,HAGF,FUNDACAO FILANT E BENEF DE...,Pessoa Jurídica,VITÓRIA,ESPÍRITO SANTO,01.925.400/0001-25
472,HAK,HAK FABRICA DE FUSOS E PASSAMANARIA...,Pessoa Física,VITÓRIA,ESPÍRITO SANTO,01.925.400/0001-26
473,HALEX ISTAR,HALEX ISTAR INDUSTRIA FARMACEUTICA...,Pessoa Física,VITÓRIA,ESPÍRITO SANTO,01.925.400/0001-27
474,HALLEY GRAFICA,HALLEY SA GRAFICA E EDITORA,Pessoa Física,VITÓRIA,ESPÍRITO SANTO,01.925.400/0001-28
475,HALLIBURTON,HALLIBURTON SERVICOS LTDA,Pessoa Jurídica,VITÓRIA,ESPÍRITO SANTO,01.925.400/0001-29
476,HARALD,HARALD INDUSTRIA E COMERCIO...,Pessoa Física,BELO HORIZONTE,MINAS GERAIS,01.925.400/0001-30
477,HARIBO,HARIBO BRASIL INDUSTRIA E...,Pessoa Jurídica,BELO HORIZONTE,MINAS GERAIS,01.925.400/0001-31
478,HARMAN DO BRASIL,HARMAN DO BRASIL INDUSTRIA...,Pessoa Jurídica,BELO HORIZONTE,MINAS GERAIS,01.925.400/0001-32
479,HAROLPEL,HAROLPEL INDUSTRIA DE PAPEIS...,Pessoa Jurídica,BELO HORIZONTE,MINAS GERAIS,01.925.400/0001-33
480,HAROLPEL 2 CL,H.P. INDUSTRIA DE PAPEIS EIRELI,Pessoa Jurídica,SAO PAULO,SÃO PAULO,01.925.400/0001-34
481,HARTMANN INDUSTRIA,HARTMANN INDUSTRIA E COMERCIO...,Pessoa Jurídica,SAO PAULO,SÃO PAULO,01.925.400/0001-35
482,HARVEL PARTICIPACOES,HARVEL PARTICIPACOES LTDA.,Pessoa Física,SAO PAULO,SÃO PAULO,1.925.400/0001-35
483,HAS,HOSPITAL ALBERT SABIN LTDA,Pessoa Jurídica,rio de janeiro,rio de janeiro,1.925.400/0001-36
484,I5 COMERCIALIZADORA,I5 ENERGIA COMERCIALIZADORA...,Pessoa Física,rio de janeiro,rio de janeiro,1.925.400/0001-37
485,IABV,I A B V IND DE ARTEFATOS DE...,Pessoa Física,rio de janeiro,rio de janeiro,1.925.400/0001-38
486,IACANGA BIO,IPIRANGA BIOENERGIA IACANGA...,Pessoa Física,rio de janeiro,rio de janeiro,1.925.400/0001-39
487,IANA ALIMENTOS,INDUSTRIA E COMERCIO DE ALIMENTOS...,Pessoa Jurídica,rio de janeiro,rio de janeiro,1.925.400/0001-40
488,IANA3,AVICOLA CATARINENSE ARMAZENS...,Pessoa Física,rio de janeiro,rio de janeiro,1.925.400/0001-41
489,IATE CLUBE,IATE CLUBE DE SANTOS,Pessoa Jurídica,SAO PAULO,SÃO PAULO,1.925.400/0001-42
490,IATEC,INSTITUTO ADVENTISTA DE ENSINO,Pessoa Física,SAO PAULO,SÃO PAULO,1.925.400/0001-43
491,IB CACAU,INDUSTRIA BRASILEIRA DE CACAU...,Pessoa Física,SAO PAULO,SÃO PAULO,1.925.400/0001-44
492,IBAC,I.B.A.C. INDUSTRIA BRASILEIRA...,Pessoa Física,VITÓRIA,ESPÍRITO SANTO,1.925.400/0001-45
493,IBAPLAC,IBAPLAC INDUSTRIA DE PLASTICOS...,Pessoa Física,SAO PAULO,SÃO PAULO,1.925.400/0001-46
494,IBAR LTDA,INDUSTRIAS BRASILEIRAS DE...,Pessoa Jurídica,SAO PAULO,SÃO PAULO,1.925.400/0001-47
495,IBAR NORDESTE,IBAR NORDESTE LTDA,Pessoa Jurídica,SAO PAULO,SÃO PAULO,1.925.400/0001-48
496,IBCC,INSTITUTO BRASILEIRO DE CONTROLE...,Pessoa Jurídica,SAO PAULO,SÃO PAULO,1.925.400/0001-49
497,IBEL,IBEL INDUSTRIA DE BORRACHA...,Pessoa Jurídica,SAO PAULO,SÃO PAULO,1.925.400/0001-50
498,IBEMA CL,IBEMA COMPANHIA BRASILEIRA...,Pessoa Física,SAO PAULO,SÃO PAULO,1.925.400/0001-51
499,IBEMA EMBU,IBEMA COMPANHIA BRASILEIRA...,Pessoa Jurídica,SAO PAULO,SÃO PAULO,1.925.400/0001-52
500,IBER-OLEFF,IBER-OLEFF BRASIL LTDA,Pessoa Física,SAO PAULO,SÃO PAULO,1.925.400/0001-53
501,IBERIA EMBALAGENS,IBERIA INDUSTRIA DE EMBALAGENS...,Pessoa Jurídica,rio de janeiro,rio de janeiro,1.925.400/0001-54
502,IBERKRAFT,IBERKRAFT INDUSTRIA DE PAPEL...,Pessoa Física,rio de janeiro,rio de janeiro,1.925.400/0001-55
503,IBEROSTAR,NOLANDIS EMPREENDIMENTOS E...,Pessoa Jurídica,rio de janeiro,rio de janeiro,1.925.400/0001-56
504,IBERSUL,IBERSUL INDUSTRIA DE PAPEL...,Pessoa Jurídica,rio de janeiro,rio de janeiro,1.925.400/0001-57
505,J A COMERCIALIZADORA,J.A. COMERCIALIZADORA DE ENERGIA...,Pessoa Física,SAO PAULO,SÃO PAULO,1.925.400/0001-58
506,J E J,JOHNSON & JOHNSON INDUSTRIAL...,Pessoa Física,rio de janeiro,rio de janeiro,01.925.400/0001-59
507,J MACEDO SAL MASSAS,J MACEDO S/A,Pessoa Física,BELO HORIZONTE,MINAS GERAIS,01.925.400/0001-60
508,J O BIOENERGIA,J O BIOENERGIA S.A.,Pessoa Jurídica,SAO PAULO,SÃO PAULO,01.925.400/0001-61
509,J SERRANO,TEXTIL J SERRANO LTDA,Pessoa Jurídica,SAO PAULO,SÃO PAULO,01.925.400/0001-62
510,JA PLASTICOS,JA TRANSFORMACAO E RECICLAGEM...,Pessoa Física,SAO PAULO,SÃO PAULO,01.925.400/0001-63
511,JA TEIXEIRA,J A TEIXEIRA VETERINARIA LTDA,Pessoa Física,VITÓRIA,ESPÍRITO SANTO,01.925.400/0001-64
512,JABIL AM,JABIL INDUSTRIAL DO BRASIL...,Pessoa Física,VITÓRIA,ESPÍRITO SANTO,01.925.400/0001-65
513,JABIL MG,JABIL DO BRASIL INDUSTRIA...,Pessoa Física,VITÓRIA,ESPÍRITO SANTO,01.925.400/0001-66
514,JACAREZINHO,COMPANHIA AGRICOLA USINA JACAREZINHO,Pessoa Física,VITÓRIA,ESPÍRITO SANTO,01.925.400/0001-67
515,JACOBINA,JACOBINA MINERACAO E COMERCIO...,Pessoa Física,SAO PAULO,SÃO PAULO,01.925.400/0001-68
516,JACOMAR,SUPERMERCADO JACOMAR LTDA,Pessoa Jurídica,SAO PAULO,SÃO PAULO,01.925.400/0001-69
517,JAEPEL,JAEPEL PAPEIS E EMBALAGENS...,Pessoa Física,SAO PAULO,SÃO PAULO,01.925.400/0001-70
518,JAGUAFRANGOS,JAGUAFRANGOS INDUSTRIA E COMERCIO...,Pessoa Física,SAO PAULO,SÃO PAULO,01.925.400/0001-71
519,JAGUAR,JAGUAR INDUSTRIA E COMERCIO...,Pessoa Física,SAO PAULO,SÃO PAULO,01.925.400/0001-72
520,JAGUAR LR,JAGUAR E LAND ROVER BRASIL...,Pessoa Jurídica,SAO PAULO,SÃO PAULO,01.925.400/0001-73
521,JAGUARE BUSINESS PARK,JAGUARE BUSINESS PARK,Pessoa Jurídica,SAO PAULO,SÃO PAULO,01.925.400/0001-74
522,JAGUARPACK,JAGUARPACK INDUSTRIA E COMERCIO...,Pessoa Jurídica,SAO PAULO,SÃO PAULO,01.925.400/0001-75
523,JAIBA SE1,JAIBA SE1 ENERGIAS RENOVAVEIS...,Pessoa Física,SAO PAULO,SÃO PAULO,01.925.400/0001-76
524,JAL INDUSTRIAL,JAL INDUSTRIA E COMERCIO DE...,Pessoa Física,SAO PAULO,SÃO PAULO,01.925.400/0001-77
525,JAMAICA,JAMAICA INDUSTRIA DE ARTEFATOS...,Pessoa Jurídica,SAO PAULO,SÃO PAULO,01.925.400/0001-78
526,K&G,K & G INDUSTRIA E COMERCIO...,Pessoa Física,VITÓRIA,ESPÍRITO SANTO,01.925.400/0001-79
527,K1 COLCHOES,K1 COLCHOES LTDA,Pessoa Física,VITÓRIA,ESPÍRITO SANTO,01.925.400/0001-80
528,KABEL,KABEL INDUSTRIA E COMERCIO...,Pessoa Jurídica,VITÓRIA,ESPÍRITO SANTO,01.925.400/0001-81
529,KADESH,KADESH CALCADOS PROFISSIONAIS...,Pessoa Jurídica,VITÓRIA,ESPÍRITO SANTO,01.925.400/0001-82
530,KAEFER,KAEFER AGRO INDUSTRIAL LTDA,Pessoa Física,VITÓRIA,ESPÍRITO SANTO,01.925.400/0001-83
531,KAISER NORDESTE,CERVEJARIAS KAISER NORDESTE...,Pessoa Física,VITÓRIA,ESPÍRITO SANTO,01.925.400/0001-84
532,KAISER RS,CERVEJARIAS KAISER BRASIL...,Pessoa Jurídica,BELO HORIZONTE,MINAS GERAIS,01.925.400/0001-85
533,KALIMO,KALIMO TEXTIL LTDA,Pessoa Jurídica,BELO HORIZONTE,MINAS GERAIS,01.925.400/0001-86
534,KANAFLEX S A,KANAFLEX S/A INDUSTRIA DE...,Pessoa Física,BELO HORIZONTE,MINAS GERAIS,01.925.400/0001-87
535,KANJIKO SALTO,KANJIKO DO BRASIL INDUSTRIA...,Pessoa Jurídica,BELO HORIZONTE,MINAS GERAIS,01.925.400/0001-88
536,KANJIKO SOROCABA,KANJIKO DO BRASIL INDUSTRIA...,Pessoa Física,SAO PAULO,SÃO PAULO,01.925.400/0001-89
537,KANSAS,VERTICAL EMPREENDIMENTOS ESPORTIVOS...,Pessoa Física,SAO PAULO,SÃO PAULO,01.925.400/0001-90
538,KAPAZI,KAPAZI INDUSTRIA E COMERCIO...,Pessoa Física,SAO PAULO,SÃO PAULO,01.925.400/0001-91
539,KAPERSUL ARA,KAPERSUL INDUSTRIA E COMERCIO...,Pessoa Jurídica,rio de janeiro,rio de janeiro,01.925.400/0001-92
540,KAPPESBERG CL,MOVEIS K1 LTDA,Pessoa Física,rio de janeiro,rio de janeiro,01.925.400/0001-93
541,KARINA,KARINA INDUSTRIA E COMERCIO...,Pessoa Jurídica,rio de janeiro,rio de janeiro,01.925.400/0001-94
542,KARINA PISOS,KARINA PISOS E REVESTIMENTOS...,Pessoa Física,rio de janeiro,rio de janeiro,01.925.400/0001-95
543,KARNE KEIJO 101,KARNE KEIJO - LOGISTICA INTEGRADA...,Pessoa Física,rio de janeiro,rio de janeiro,01.925.400/0001-96
544,KARSTEN,KARSTEN S.A.,Pessoa Física,rio de janeiro,rio de janeiro,01.925.400/0001-97
545,KASKIN,KASKIN INDUSTRIA E COMERCIO...,Pessoa Física,SAO PAULO,SÃO PAULO,01.925.400/0001-98
546,KASPARYFILIAL,CERAMICA KASPARY LTDA,Pessoa Física,SAO PAULO,SÃO PAULO,01.925.400/0001-99
547,L C A,L.C.A-IND.E COM. DE PRODUTOS...,Pessoa Jurídica,SAO PAULO,SÃO PAULO,01.058.400/0001-00
548,L I S GRAFICA,L I S GRAFICA E EDITORA LTDA,Pessoa Física,SAO PAULO,SÃO PAULO,01.058.400/0001-01
549,L M COSTA FARIA,L. M. COSTA FARIA & CIA...,Pessoa Física,rio de janeiro,rio de janeiro,01.058.400/0001-02
550,L M HOTEIS,L M ORGANIZACAO HOTELEIRA...,Pessoa Física,rio de janeiro,rio de janeiro,01.058.400/0001-03
551,L MERLIN,LEROY MERLIN COMPANHIA BRASILEIRA...,Pessoa Jurídica,rio de janeiro,rio de janeiro,01.058.400/0001-04
552,LA LUBINA,LA LUBINA COMERCIAL LTDA,Pessoa Física,SAO PAULO,SÃO PAULO,01.058.400/0001-05
553,LA MODA,INDUSTRIA E COMERCIO DE CONFECCOES...,Pessoa Jurídica,SAO PAULO,SÃO PAULO,01.058.400/0001-06
554,LA PASTINA,REAL COMERCIAL EIRELI,Pessoa Física,SAO PAULO,SÃO PAULO,01.058.400/0001-07
555,LA SALLE,ASSOCIACAO BRASILEIRA DE EDUCADORES...,Pessoa Física,rio de janeiro,rio de janeiro,01.058.400/0001-08
556,LA VIOLETERA,IMPORTADORA DE FRUTAS LA VIOLETERA...,Pessoa Jurídica,rio de janeiro,rio de janeiro,01.058.400/0001-09
557,LABEL PACKING,LABEL PACKING INDUSTRIA DE...,Pessoa Física,rio de janeiro,rio de janeiro,01.058.400/0001-10
558,LABELPRESS,LABELPRESS INDUSTRIA E COMERCIO...,Pessoa Jurídica,rio de janeiro,rio de janeiro,01.058.400/0001-11
559,LABMED,LABMED LABORATORIO MEDICO...,Pessoa Jurídica,SAO PAULO,SÃO PAULO,01.058.400/0001-12
560,LABORATORIO GLOBO,LABORATORIO GLOBO LTDA,Pessoa Jurídica,SAO PAULO,SÃO PAULO,01.058.400/0001-13
561,LABORATORIO TEUTO,LABORATORIO TEUTO BRASILEIRO...,Pessoa Física,rio de janeiro,rio de janeiro,01.058.400/0001-14
562,LABORPRINT,LABORPRINT GRAFICA E EDITORA...,Pessoa Física,BELO HORIZONTE,MINAS GERAIS,01.058.400/0001-15
563,LABORTEX,LABORTEX IND E COM DE PRODUTOS...,Pessoa Física,SAO PAULO,SÃO PAULO,01.058.400/0001-16
564,LAC LELO,LATICINIOS SAO JOAO S/A,Pessoa Física,SAO PAULO,SÃO PAULO,01.058.400/0001-17
565,LACARPEX,LACARPEX - LAMINADOS CARPINTARIA...,Pessoa Física,SAO PAULO,SÃO PAULO,01.058.400/0001-18
566,LACERDOPOLIS ENERGETICA,LACERDOPOLIS ENERGETICA S.A,Pessoa Jurídica,VITÓRIA,ESPÍRITO SANTO,01.058.400/0001-19
567,LACQUA,L'ACQUA LAVANDERIAS LTDA,Pessoa Jurídica,VITÓRIA,ESPÍRITO SANTO,01.058.400/0001-20
568,M CRUZEIRO PE,MOINHOS CRUZEIRO DO SUL S...,Pessoa Física,VITÓRIA,ESPÍRITO SANTO,01.058.400/0001-21
569,M CRUZEIRO RS,MOINHOS CRUZEIRO DO SUL S...,Pessoa Jurídica,VITÓRIA,ESPÍRITO SANTO,01.058.400/0001-22
570,M DIAS BRANCO,M DIAS BRANCO S.A. INDUSTRIA...,Pessoa Jurídica,SAO PAULO,SÃO PAULO,01.058.400/0001-23
571,M DIAS BRANCO - GME,M DIAS BRANCO S.A. INDUSTRIA...,Pessoa Jurídica,SAO PAULO,SÃO PAULO,01.058.400/0001-24
572,M DIAS BRANCO - MUCURIPE,M DIAS BRANCO S.A. INDUSTRIA...,Pessoa Física,SAO PAULO,SÃO PAULO,01.058.400/0001-25
573,M DIAS BRANCO BA,M DIAS BRANCO S.A. INDUSTRIA...,Pessoa Física,rio de janeiro,rio de janeiro,01.058.400/0001-26
574,M DIAS BRANCO PR,M DIAS BRANCO S.A. INDUSTRIA...,Pessoa Jurídica,rio de janeiro,rio de janeiro,01.058.400/0001-27
575,M DIAS BRANCO RS,M DIAS BRANCO S.A. INDUSTRIA...,Pessoa Jurídica,rio de janeiro,rio de janeiro,01.058.400/0001-28
576,M&G BRASIL,INDORAMA VENTURES FIBRAS BRASIL...,Pessoa Física,rio de janeiro,rio de janeiro,01.058.400/0001-29
577,M&G MINERACAO,M&G MINERACAO DE CALCARIO...,Pessoa Jurídica,SAO PAULO,SÃO PAULO,01.058.400/0001-30
578,MA AUTOMOTIVE,MA AUTOMOTIVE BRASIL LTDA.,Pessoa Física,SAO PAULO,SÃO PAULO,01.058.400/0001-31
579,MABEL,CIPA-INDUSTRIAL DE PRODUTOS...,Pessoa Jurídica,SAO PAULO,SÃO PAULO,01.058.400/0001-32
580,MABU HOTEIS,EMPRESA HOTELEIRA MABU LTDA,Pessoa Jurídica,SAO PAULO,SÃO PAULO,01.058.400/0001-33
581,MAC 01,MAC 01 - COMERCIALIZADORA...,Pessoa Física,VITÓRIA,ESPÍRITO SANTO,01.058.400/0001-34
582,MAC GARCIA,M A C GARCIA & CIA LTDA,Pessoa Física,VITÓRIA,ESPÍRITO SANTO,01.058.400/0001-35
583,MACAE COM,TERMOMACAE COMERCIALIZADORA...,Pessoa Física,VITÓRIA,ESPÍRITO SANTO,01.058.400/0001-36
584,MACAMBIRA I,GESTAMP EOLICA MACAMBIRA I...,Pessoa Física,VITÓRIA,ESPÍRITO SANTO,01.058.400/0001-37
585,MACAMBIRA II,GESTAMP EOLICA MACAMBIRA II...,Pessoa Jurídica,VITÓRIA,ESPÍRITO SANTO,01.058.400/0001-38
586,MACCAFERRI,MACCAFERRI DO BRASIL LTDA,Pessoa Física,VITÓRIA,ESPÍRITO SANTO,01.058.400/0001-39
587,MACCRO EMBALLAGE,MACCRO EMBALLAGE INDUSTRIA...,Pessoa Jurídica,VITÓRIA,ESPÍRITO SANTO,01.058.400/0001-40
588,MACEIO SHOPPING,CONDOMINIO MACEIO SHOPPING...,Pessoa Jurídica,BELO HORIZONTE,MINAS GERAIS,01.058.400/0001-41
589,OBA,GRUPO FARTURA DE HORTIFRUT...,Pessoa Física,BELO HORIZONTE,MINAS GERAIS,01.058.400/0001-42
590,OBA ATACADO,POLO SUPER ATACADO LTDA,Pessoa Física,BELO HORIZONTE,MINAS GERAIS,01.058.400/0001-43
591,OBER,OBER SA INDUSTRIA E COMERCIO,Pessoa Jurídica,BELO HORIZONTE,MINAS GERAIS,01.058.400/0001-44
592,OBRAMAX,BMB MATERIAL DE CONSTRUCAO...,Pessoa Física,SAO PAULO,SÃO PAULO,01.058.400/0001-45
593,OCEANEERING,MARINE PRODUCTION SYSTEMS...,Pessoa Física,SAO PAULO,SÃO PAULO,01.058.400/0001-46
594,OCEANO SUL,OCEANO INDUSTRIA GRAFICA E...,Pessoa Jurídica,SAO PAULO,SÃO PAULO,01.058.400/0001-47
595,OCRIM,OCRIM S A PRODUTOS ALIMENTICIOS,Pessoa Física,rio de janeiro,rio de janeiro,01.058.400/0001-48
596,OCRIM MATRIZ CL,OCRIM S A PRODUTOS ALIMENTICIOS,Pessoa Física,rio de janeiro,rio de janeiro,01.058.400/0001-49
597,ODERICH,CONSERVAS ODERICH SA,Pessoa Física,rio de janeiro,rio de janeiro,01.058.400/0001-50
598,OERLIKON BALZERS,OERLIKON BALZERS REVESTIMENTOS...,Pessoa Jurídica,rio de janeiro,rio de janeiro,01.058.400/0001-51
599,OESA,OESA COMERCIO E REPRESENTACOES...,Pessoa Jurídica,rio de janeiro,rio de janeiro,01.058.400/0001-52
600,OESTE DE CANOAS,OESTE DE CANOAS PETROLEO E...,Pessoa Física,rio de janeiro,rio de janeiro,01.058.400/0001-53
601,OETKER,DR. OETKER BRASIL LTDA.,Pessoa Física,SAO PAULO,SÃO PAULO,01.058.400/0001-54
602,OETTERER,ASSOCIACAO DAS EMPRESAS DE...,Pessoa Jurídica,SAO PAULO,SÃO PAULO,01.058.400/0001-55
603,OFFICE TOWER,CONDOMINIO CENTRO EMPRESARIAL...,Pessoa Física,SAO PAULO,SÃO PAULO,01.058.400/0001-56
604,OFNER,MARTINS DA COSTA & CIA...,Pessoa Física,SAO PAULO,SÃO PAULO,01.058.400/0001-57
605,OH SOBRADO,OH SOBRADO GERADORA DE ENERGIA...,Pessoa Física,SAO PAULO,SÃO PAULO,01.058.400/0001-58
606,OITIS 1,OITIS 1 ENERGIA RENOVAVEL...,Pessoa Jurídica,rio de janeiro,rio de janeiro,01.058.400/0001-59
607,OITIS 8,OITIS 8 ENERGIA RENOVAVEL...,Pessoa Física,rio de janeiro,rio de janeiro,01.058.400/0001-60
608,OJI PAPEIS,OJI PAPEIS ESPECIAIS LTDA,Pessoa Jurídica,rio de janeiro,rio de janeiro,01.058.400/0001-61
609,OKE,OKE DO BRASIL MATERIAIS SINTETICOS...,Pessoa Física,rio de janeiro,rio de janeiro,01.058.400/0001-62
610,P SANTA MONICA,PEDREIRA SANTA MONICA LTDA,Pessoa Física,SAO PAULO,SÃO PAULO,01.058.400/0001-63
611,P SANTO CRISTO,PEDREIRA SANTO CRISTO INDUSTRIA...,Pessoa Física,SAO PAULO,SÃO PAULO,01.058.400/0001-64
612,P&C ARTEMOBILI,ARTEMOBILI MOVEIS LTDA,Pessoa Jurídica,SAO PAULO,SÃO PAULO,01.058.400/0001-65
613,PABOVI,PABOVI INDUSTRIA DE PLASTICOS...,Pessoa Física,SAO PAULO,SÃO PAULO,01.058.400/0001-66
614,PACHA,ARCOS COMERCIO IMPORTACAO...,Pessoa Física,SAO PAULO,SÃO PAULO,01.058.400/0001-67
615,PACIFICO,PACIFICO INDUSTRIA E COMERCIO...,Pessoa Física,SAO PAULO,SÃO PAULO,01.058.400/0001-68
616,PACIFICO MASCARENHAS,PACIFICO MASCARENHAS ENERGETICA...,Pessoa Física,SAO PAULO,SÃO PAULO,01.058.400/0001-69
617,PACIFICO SUL,PACIFICO SUL INDUSTRIA TEXTIL...,Pessoa Física,rio de janeiro,rio de janeiro,01.058.400/0001-70
618,PACIFIL,PACIFIL BRASIL- INDUSTRIA...,Pessoa Física,BELO HORIZONTE,MINAS GERAIS,01.058.400/0001-71
619,PACKSEVEN,PACKSEVEN - INDUSTRIA E COMERCIO...,Pessoa Física,SAO PAULO,SÃO PAULO,01.058.400/0001-72
620,PACTO COMERCIALIZADORA,PACTO COMERCIALIZADORA DE...,Pessoa Física,SAO PAULO,SÃO PAULO,01.058.400/0001-73
621,PADARIA BRASIL,F & M PANIFICACAO LTDA,Pessoa Física,SAO PAULO,SÃO PAULO,01.058.400/0001-74
622,PADARIA REAL,REAL ALIMENTOS LTDA .,Pessoa Física,VITÓRIA,ESPÍRITO SANTO,01.058.400/0001-75
623,PADO,PADO S A INDUSTRIAL COMERCIAL...,Pessoa Física,VITÓRIA,ESPÍRITO SANTO,01.058.400/0001-76
624,PAGLIARIN,PAGLIARIN & CIA LTDA,Pessoa Física,VITÓRIA,ESPÍRITO SANTO,01.058.400/0001-77
625,PAGUE MENOS COMERCIO,PAGUE MENOS COMERCIO DE PRODUTOS...,Pessoa Física,VITÓRIA,ESPÍRITO SANTO,01.058.400/0001-78
626,PAINCO,PAINCO INDUSTRIA E COMERCIO...,Pessoa Física,SAO PAULO,SÃO PAULO,01.058.400/0001-79
627,PAJEU,MINERADORA VALE DO PAJEU LTDA,Pessoa Jurídica,SAO PAULO,SÃO PAULO,01.058.400/0001-80
628,PAJUÇARA,MILTON ALVES INDUSTRIA E COMERCIO...,Pessoa Física,SAO PAULO,SÃO PAULO,01.058.400/0001-81
629,PALANQUINHO,SERRANA ENERGETICA S/A.,Pessoa Física,SAO PAULO,SÃO PAULO,01.058.400/0001-82
630,PALATO,ESPECIARYA INDUSTRIA E COMERCIO...,Pessoa Jurídica,SAO PAULO,SÃO PAULO,01.058.400/0001-83
631,Q-BURGUER,Q-BURGUER COMERCIO DE CARNES...,Pessoa Física,SAO PAULO,SÃO PAULO,01.058.400/0001-84
632,QGE,QUEIROZ GALVAO ENERGETICA...,Pessoa Física,SAO PAULO,SÃO PAULO,01.058.400/0001-85
633,QGER ACARAI,CENTRAL GERADORA EOLICA ACARI...,Pessoa Física,SAO PAULO,SÃO PAULO,01.058.400/0001-86
634,QGER ALBUQUE,CENTRAL GERADORA EOLICA ALBUQUERQUE...,Pessoa Física,SAO PAULO,SÃO PAULO,01.058.400/0001-87
635,QGER ANEMOI,CENTRAL GERADORA EOLICA ANEMOI...,Pessoa Jurídica,SAO PAULO,SÃO PAULO,01.058.400/0001-88
636,QGER APELIOT,CENTRAL GERADORA EOLICA APELIOTES...,Pessoa Jurídica,SAO PAULO,SÃO PAULO,01.058.400/0001-89
637,QGER ARENA,CENTRAL GERADORA EOLICA ARENA...,Pessoa Física,SAO PAULO,SÃO PAULO,01.058.400/0001-90
638,QGP,QGP QUIMICA GERAL S/A,Pessoa Física,VITÓRIA,ESPÍRITO SANTO,01.058.400/0001-91
639,QMOVI,QMOVI INDUSTRIA MOVELEIRA...,Pessoa Física,VITÓRIA,ESPÍRITO SANTO,01.058.400/0001-92
640,QUADRI,INDUSTRIA DE MOVEIS QUADRI...,Pessoa Física,VITÓRIA,ESPÍRITO SANTO,01.058.400/0001-93
641,QUALISTEEL,QUALISTEEL - FUNDICAO DE PRECISAO...,Pessoa Física,VITÓRIA,ESPÍRITO SANTO,01.058.400/0001-94
642,QUALITTI ALIMENTOS,ABATEDORA AVICOLA SANTA VITORIA...,Pessoa Física,VITÓRIA,ESPÍRITO SANTO,01.058.400/0001-95
643,QUALITY TEMPER,QUALITY TEMPER VIDROS LTDA,Pessoa Física,VITÓRIA,ESPÍRITO SANTO,01.058.400/0001-96
644,QUALYTUBO,QUALYTUBO INDUSTRIA E COMERCIO...,Pessoa Física,BELO HORIZONTE,MINAS GERAIS,01.058.400/0001-97
645,QUANTA GERACAO,QUANTA GERACAO S/A,Pessoa Jurídica,BELO HORIZONTE,MINAS GERAIS,01.058.400/0001-98
646,QUANTIQ,QUANTIQ DISTRIBUIDORA LTDA,Pessoa Física,BELO HORIZONTE,MINAS GERAIS,01.058.400/0001-99
647,QUANTUM GESTAO,QUANTUM COMERCIALIZACAO E...,Pessoa Física,BELO HORIZONTE,MINAS GERAIS,
648,QUATA BARRA GRANDE,ACUCAREIRA QUATA S/A,Pessoa Física,SAO PAULO,SÃO PAULO,
649,QUATA SAO JOSE,ACUCAREIRA QUATA S/A,Pessoa Física,SAO PAULO,SÃO PAULO,
650,QUATIARA ENERG,QUATIARA ENERGIA S.A.,Pessoa Física,SAO PAULO,SÃO PAULO,
651,QUATRELATI,QUATRELATI ALIMENTOS LTDA,Pessoa Física,rio de janeiro,rio de janeiro,
652,R BONITO,RODEIO BONITO HIDRELETRICA...,Pessoa Física,rio de janeiro,rio de janeiro,
653,R DESIGN BAR,CONDOMINIO DO EDIFICIO RIO...,Pessoa Física,rio de janeiro,rio de janeiro,
654,R G GUIMARAES,R G GUIMARAES,Pessoa Física,rio de janeiro,rio de janeiro,
655,RA GARRAFAS,RA GARRAFAS INDUSTRIA E COMERCIO...,Pessoa Física,rio de janeiro,rio de janeiro,
656,RACOES GOLFINHO,INDUSTRIA E COMERCIO DE RACOES...,Pessoa Física,rio de janeiro,rio de janeiro,
657,RACOES PLANALTO,RACOES PLANALTO DE CAMPO BELO...,Pessoa Física,SAO PAULO,SÃO PAULO,
658,RACRI,RACRI INDUSTRIA DE RECICLAGEM...,Pessoa Física,SAO PAULO,SÃO PAULO,
659,RADICI,RADICIFIBRAS INDUSTRIA E COMERCIO...,Pessoa Física,SAO PAULO,SÃO PAULO,
660,RADIX ENERGIA,RADIX ENERGIA LTDA,Pessoa Jurídica,SAO PAULO,SÃO PAULO,
661,RAESA,RIO AMAZONAS ENERGIA S/A,Pessoa Física,SAO PAULO,SÃO PAULO,
662,RAFISA,RAFISA COMERCIO E INDUSTRIA...,Pessoa Física,SAO PAULO,SÃO PAULO,
663,RAFITEC,RAFITEC S/A INDUSTRIA E COMERCIO...,Pessoa Física,SAO PAULO,SÃO PAULO,
664,RAFT,RAFT EMBALAGENS LTDA,Pessoa Jurídica,rio de janeiro,rio de janeiro,
665,RAGUIFE,RAGUIFE INDUSTRIA E COMERCIO...,Pessoa Física,rio de janeiro,rio de janeiro,
666,RAHCROL,RAHCROL COMERCIALIZACAO DE...,Pessoa Física,rio de janeiro,rio de janeiro,
667,RAIADROGASIL SECO,RAIA DROGASIL S/A,Pessoa Jurídica,rio de janeiro,rio de janeiro,
668,RAINHA DA PAZ,FRIGORIFICO RAINHA DA PAZ...,Pessoa Física,rio de janeiro,rio de janeiro,
669,RAIZEN BIOGAS,RAIZEN-GEO BIOGAS S.A.,Pessoa Jurídica,SAO PAULO,SÃO PAULO,
670,RAIZEN COMBUSTIVEIS,RAIZEN COMBUSTIVEIS S.A.,Pessoa Física,SAO PAULO,SÃO PAULO,
671,RAIZEN ENERGIA,RAIZEN ENERGIA S.A,Pessoa Física,SAO PAULO,SÃO PAULO,
672,RAIZEN PARAGUACU,RAIZEN PARAGUACU LTDA,Pessoa Física,rio de janeiro,rio de janeiro,
673,S JARDIM SUL,CONDOMINIO SHOPPING JARDIM...,Pessoa Física,BELO HORIZONTE,MINAS GERAIS,
674,S PLANALTO,J MARTINS SUPERMERCADOS PLANALTO...,Pessoa Jurídica,SAO PAULO,SÃO PAULO,
675,S SEBASTIAO,SAO SEBASTIAO EMPREENDIMENTOS...,Pessoa Física,SAO PAULO,SÃO PAULO,
676,SA CARVALHO,SA CARVALHO S/A,Pessoa Física,SAO PAULO,SÃO PAULO,
677,SA MOAGEIRA,S A MOAGEIRA E AGRICOLA,Pessoa Jurídica,VITÓRIA,ESPÍRITO SANTO,
678,SAARGUMMI,SAARGUMMI DO BRASIL LTDA,Pessoa Física,VITÓRIA,ESPÍRITO SANTO,
679,SABAF,SABAF DO BRASIL LTDA,Pessoa Jurídica,VITÓRIA,ESPÍRITO SANTO,
680,SABARA,SABARA QUIMICOS E INGREDIENTES...,Pessoa Jurídica,VITÓRIA,ESPÍRITO SANTO,
681,SABESP,CIA DE SANEAMENTO BASICO DO...,Pessoa Jurídica,SAO PAULO,SÃO PAULO,
682,SABIC,SABIC INNOVATIVE PLASTICS...,Pessoa Jurídica,SAO PAULO,SÃO PAULO,
683,SABIN,LABORATORIO SABIN DE ANALISES...,Pessoa Física,SAO PAULO,SÃO PAULO,
684,SABO,SABO INDUSTRIA E COMERCIO...,Pessoa Jurídica,SAO PAULO,SÃO PAULO,
685,SABORY,PONTO BOM INDUSTRIA DE PRODUTOS...,Pessoa Física,SAO PAULO,SÃO PAULO,
686,SADA BIO-ENERG,SADA BIO-ENERGIA E AGRICULTURA...,Pessoa Física,SAO PAULO,SÃO PAULO,
687,SADA SIDER,SADA SIDERURGIA LTDA,Pessoa Jurídica,SAO PAULO,SÃO PAULO,
688,SADALLA,HOSPITAL DE OLHOS SADALLA...,Pessoa Jurídica,rio de janeiro,rio de janeiro,
689,SAE TOWERS,SAE TOWERS BRASIL TORRES DE...,Pessoa Física,rio de janeiro,rio de janeiro,
690,SAF,CONDOMINIO JARDIM ANALIA FRANCO,Pessoa Física,rio de janeiro,rio de janeiro,
691,SAFIRA COM,SAFIRA ADMINISTRACAO E COMERCIALIZACAO...,Pessoa Jurídica,SAO PAULO,SÃO PAULO,
692,SAFIRA GEST,SAFIRA VAREJO COMERCIALIZACAO...,Pessoa Física,SAO PAULO,SÃO PAULO,
693,SAFIRA TRADING,SAFIRA TRADING E GERACAO DE...,Pessoa Jurídica,VITÓRIA,ESPÍRITO SANTO,
694,T H R,T.H.R. INDUSTRIA E COMERCIO...,Pessoa Jurídica,VITÓRIA,ESPÍRITO SANTO,
695,T-SYSTEMS,T-SYSTEMS DO BRASIL LTDA.,Pessoa Jurídica,VITÓRIA,ESPÍRITO SANTO,
696,TABOCA,MINERACAO TABOCA S A,Pessoa Física,VITÓRIA,ESPÍRITO SANTO,
697,TABONE,TABONE INDUSTRIA E COMERCIO...,Pessoa Física,VITÓRIA,ESPÍRITO SANTO,
698,TAC,TRIGO & CIA LTDA,Pessoa Jurídica,VITÓRIA,ESPÍRITO SANTO,
699,TACCHINI,ASSOCIACAO DR BARTHOLOMEU...,Pessoa Jurídica,BELO HORIZONTE,MINAS GERAIS,
700,TACOSOLA,TACOSOLA BORRACHAS LTDA,Pessoa Jurídica,BELO HORIZONTE,MINAS GERAIS,
701,TAF,TAF INDUSTRIA DE PLASTICOS...,Pessoa Jurídica,SAO PAULO,SÃO PAULO,
702,TAGMA,TAGMA BRASIL INDUSTRIA E COMERCIO...,Pessoa Jurídica,BELO HORIZONTE,MINAS GERAIS,
703,TAGPACK,TAGPACK INDUSTRIA E COMERCIO...,Pessoa Jurídica,BELO HORIZONTE,MINAS GERAIS,
704,TAGUATINGA SHOPPING,CONDOMINIO DO COMPLEXO COMERCIAL...,Pessoa Jurídica,SAO PAULO,SÃO PAULO,
705,TAIBA AGUIA,CENTRAL GERADORA EOLICA TAIBA...,Pessoa Jurídica,SAO PAULO,SÃO PAULO,
706,TAKATA SC,JOYSON SAFETY SYSTEMS BRASIL...,Pessoa Jurídica,SAO PAULO,SÃO PAULO,
707,TAKEDA PHARMA,TAKEDA PHARMA LTDA.,Pessoa Jurídica,SAO PAULO,SÃO PAULO,
708,TAM SAO CARLOS,TAM LINHAS AEREAS S/A.,Pessoa Jurídica,rio de janeiro,rio de janeiro,
709,TAMANDUA,CENTRAL EOLICA TAMANDUA MIRIM...,Pessoa Jurídica,rio de janeiro,rio de janeiro,
710,TAMANDUAMIRIM2,TAMANDUA MIRIM 2 ENERGIA S.A.,Pessoa Jurídica,rio de janeiro,rio de janeiro,
711,TAMARANA,TAMARANA TECNOLOGIA E SOLUCOES...,Pessoa Jurídica,rio de janeiro,rio de janeiro,
712,TAMBASA,TECIDOS E ARMARINHOS MIGUEL...,Pessoa Jurídica,rio de janeiro,rio de janeiro,
713,TAMBIA,SHOPPING CENTER TAMBIA LTDA,Pessoa Jurídica,rio de janeiro,rio de janeiro,
714,TAMBORE ALUMINIO,TAMBORE ALUMINIO LTDA,Pessoa Jurídica,SAO PAULO,SÃO PAULO,
715,UAA USI,USINA ALTO ALEGRE S/A - ACUCAR...,Pessoa Jurídica,SAO PAULO,SÃO PAULO,
716,UAL,DESTILARIA ALCIDIA SA - EM...,Pessoa Jurídica,SAO PAULO,SÃO PAULO,
717,UAM,ISCP - SOCIEDADE EDUCACIONAL...,Pessoa Jurídica,SAO PAULO,SÃO PAULO,
718,UBEA,UNIAO BRASILEIRA DE EDUCACAO...,Pessoa Jurídica,SAO PAULO,SÃO PAULO,
719,UBEC,UNIAO BRASILEIRA DE EDUCACAO...,Pessoa Jurídica,SAO PAULO,SÃO PAULO,
720,UBEE,UNIAO BRASILEIRA DE EDUCACAO...,Pessoa Jurídica,SAO PAULO,SÃO PAULO,
721,UBERLANDIAREF,UBERLANDIA REFRESCOS LTDA.,Pessoa Jurídica,BELO HORIZONTE,MINAS GERAIS,
722,UCDB,MISSAO SALESIANA DE MATO GROSSO,Pessoa Jurídica,SAO PAULO,SÃO PAULO,
723,UCEFF ITAPIRANGA,UCEFF - UNIDADE CENTRAL DE...,Pessoa Jurídica,rio de janeiro,rio de janeiro,
724,UCI BRASIL LTDA,UNITED CINEMAS INTERNATIONAL...,Pessoa Jurídica,rio de janeiro,rio de janeiro,
725,UCP,USINA CONQUISTA DO PONTAL...,Pessoa Jurídica,rio de janeiro,rio de janeiro,
726,UCS,FUNDACAO UNIVERSIDADE DE CAXIAS...,Pessoa Jurídica,rio de janeiro,rio de janeiro,
727,UD TECNOLOGIA,UD TECNOLOGIA S.A.,Pessoa Jurídica,SAO PAULO,SÃO PAULO,
728,UDINESE,PAPAIZ - UDINESE METAIS INDUSTRIA...,Pessoa Jurídica,SAO PAULO,SÃO PAULO,
729,UEE ABIL,CENTRAIS EOLICAS ABIL S.A.EM...,Pessoa Física,SAO PAULO,SÃO PAULO,
730,UEE ACACIA,CENTRAIS EOLICAS ACACIA S.A...,Pessoa Física,rio de janeiro,rio de janeiro,
731,UEE ALVORADA,CENTRAIS EOLICAS ALVORADA...,Pessoa Jurídica,BELO HORIZONTE,MINAS GERAIS,
732,UEE AMETISTA,CENTRAIS EOLICAS AMETISTA...,Pessoa Jurídica,SAO PAULO,SÃO PAULO,
733,UEE ANGICO,CENTRAIS EOLICAS ANGICO S.A....,Pessoa Jurídica,VITÓRIA,ESPÍRITO SANTO,
734,UEE BORGO,CENTRAIS EOLICAS BORGO S.A,Pessoa Jurídica,SAO PAULO,SÃO PAULO,
735,UEE CAETITE,CENTRAIS EOLICAS CAETITE S.A,Pessoa Física,SAO PAULO,SÃO PAULO,
736,V S B GRANITOS,V. S. B. GRANITOS LTDA,Pessoa Jurídica,VITÓRIA,ESPÍRITO SANTO,
737,VACCARO,VACCARO INDUSTRIA DE DERIVADOS...,Pessoa Jurídica,VITÓRIA,ESPÍRITO SANTO,
738,VACCINAR,VACCINAR INDUSTRIA E COMERCIO...,Pessoa Física,VITÓRIA,ESPÍRITO SANTO,
739,VAL-BAGS,VAL-BAGS INDUSTRIA E COMERCIO...,Pessoa Física,SAO PAULO,SÃO PAULO,
740,VALBORMIDA,VALBORMIDA BRASIL METALURGICA...,Pessoa Jurídica,SAO PAULO,SÃO PAULO,
741,VALDEMOVEIS,"VALDEMOVEIS INDUSTRIA, COMERCIO,...",Pessoa Física,SAO PAULO,SÃO PAULO,
742,VALDIR TOCHETTO,VALDIR TOCHETTO & CIA...,Pessoa Jurídica,SAO PAULO,SÃO PAULO,
743,VALE DO MOGI,DISTRIBUIDORA DE CARNES VALE...,Pessoa Jurídica,SAO PAULO,SÃO PAULO,
744,VALE DO PARDO,LATICINIO VALE DO PARDO LTDA,Pessoa Jurídica,SAO PAULO,SÃO PAULO,
745,VALE ENERGIA,VALE ENERGIA S.A,Pessoa Física,SAO PAULO,SÃO PAULO,
746,VALE FERTIL,VALE FERTIL INDUSTRIAS ALIMENTICIAS...,Pessoa Física,SAO PAULO,SÃO PAULO,
747,VALE III,UFV VERDE VALE III ENERGIA...,Pessoa Jurídica,SAO PAULO,SÃO PAULO,
748,VALE TIJUCO,VALE DO TIJUCO ACUCAR E ALCOOL...,Pessoa Jurídica,SAO PAULO,SÃO PAULO,
749,VALE VITORIA,VALE VITORIA SERVICOS LTDA.,Pessoa Física,SAO PAULO,SÃO PAULO,
750,VALEO MATRIZ,VALEO SISTEMAS AUTOMOTIVOS...,Pessoa Física,SAO PAULO,SÃO PAULO,
751,VALESEMI,VALESEMI BENEFICIAMENTO DE...,Pessoa Jurídica,VITÓRIA,ESPÍRITO SANTO,
752,VALFILM,VALFILM - MG INDUSTRIA DE...,Pessoa Jurídica,VITÓRIA,ESPÍRITO SANTO,
753,VALFILM AM,VALFILM AMAZONIA INDUSTRIA...,Pessoa Jurídica,VITÓRIA,ESPÍRITO SANTO,
754,VALFILM MG 74,VALFILM - MG INDUSTRIA DE...,Pessoa Jurídica,VITÓRIA,ESPÍRITO SANTO,
755,VALFILM NE,VALFILM NORDESTE INDUSTRIA...,Pessoa Jurídica,VITÓRIA,ESPÍRITO SANTO,
756,VALFLEX,VALFLEX EMBALAGENS FLEXIVEIS...,Pessoa Jurídica,VITÓRIA,ESPÍRITO SANTO,
757,W R GRACE,W. R. GRACE BRASIL INDUSTRIA...,Pessoa Jurídica,BELO HORIZONTE,MINAS GERAIS,
758,W RODRIGUES,W. RODRIGUES EMBALAGENS LTDA,Pessoa Física,BELO HORIZONTE,MINAS GERAIS,
759,W3 METALURGICA,W3 INDUSTRIA METALURGICA LTDA,Pessoa Jurídica,BELO HORIZONTE,MINAS GERAIS,
760,W7,W7 ENERGIA S.A.,Pessoa Jurídica,SAO PAULO,SÃO PAULO,
761,WA HOTEIS,WA ADMINISTRADORA DE HOTEIS...,Pessoa Jurídica,SAO PAULO,SÃO PAULO,
762,WABCO,WABCO DO BRASIL IND. COM....,Pessoa Jurídica,SAO PAULO,SÃO PAULO,
763,WABTEC,WABTEC BRASIL FABRICACAO E...,Pessoa Física,rio de janeiro,rio de janeiro,
764,WABTEC CONTAGEM,WABTEC BRASIL FABRICACAO E...,Pessoa Física,rio de janeiro,rio de janeiro,
765,WALFRAN,TEXTIL WALFRAN MENEGHEL LTDA,Pessoa Física,rio de janeiro,rio de janeiro,
766,WALMART BRASIL,WMB SUPERMERCADOS DO BRASIL...,Pessoa Jurídica,rio de janeiro,rio de janeiro,
767,WANA QUIMICOS,WANA INDUSTRIA E COMERCIO...,Pessoa Jurídica,rio de janeiro,rio de janeiro,
768,WANKE,WANKE S.A.,Pessoa Física,rio de janeiro,rio de janeiro,
769,WARPOL,WARPOL AGROINDUSTRIAL LTDA,Pessoa Física,SAO PAULO,SÃO PAULO,
770,WASSER KRAFT,WASSER KRAFT GERACAO DE ENERGIA...,Pessoa Jurídica,SAO PAULO,SÃO PAULO,
771,WAYNE INDUSTRIA,WAYNE INDUSTRIA E COMERCIO...,Pessoa Jurídica,SAO PAULO,SÃO PAULO,
772,WD EDUCACIONAL,WD EDUCACIONAL LTDA,Pessoa Jurídica,SAO PAULO,SÃO PAULO,
773,WEATHERFORD,WEATHERFORD INDUSTRIA E COMERCIO...,Pessoa Jurídica,SAO PAULO,SÃO PAULO,
774,WEATHERFORD RJ,WEATHERFORD INDUSTRIA E COMERCIO...,Pessoa Jurídica,BELO HORIZONTE,MINAS GERAIS,
775,WEENER,WEENER BRASIL INDUSTRIA E...,Pessoa Jurídica,rio de janeiro,rio de janeiro,
776,WEG,WEG EQUIPAMENTOS ELETRICOS...,Pessoa Jurídica,VITÓRIA,ESPÍRITO SANTO,
777,WEG AMAZONIA,WEG AMAZONIA S/A,Pessoa Jurídica,SAO PAULO,SÃO PAULO,
778,XALINGO,XALINGO SA INDUSTRIA E COMERCIO,Pessoa Jurídica,VITÓRIA,ESPÍRITO SANTO,
779,XAVANTINA,XAVANTINA ENERGETICA S.A.,Pessoa Jurídica,SAO PAULO,SÃO PAULO,
780,XCMG,XCMG BRASIL INDUSTRIA LTDA,Pessoa Jurídica,SAO PAULO,SÃO PAULO,
781,XERIUM,ANDRITZ FABRICS AND ROLLS...,Pessoa Jurídica,SAO PAULO,SÃO PAULO,
782,XINGU FRUIT,XINGU FRUIT POLPAS DE FRUTAS...,Pessoa Jurídica,VITÓRIA,ESPÍRITO SANTO,
783,YABORA,YABORA INDUSTRIA AERONAUTICA...,Pessoa Jurídica,VITÓRIA,ESPÍRITO SANTO,
784,YAKULT,YAKULT S/A. INDUSTRIA E COMERCIO,Pessoa Jurídica,rio de janeiro,rio de janeiro,
785,YAMADA MATRIZ,Y YAMADA S/A COMERCIO E INDUSTRIA...,Pessoa Jurídica,SAO PAULO,SÃO PAULO,
786,YAMAHA,YAMAHA MOTOR DA AMAZONIA LTDA,Pessoa Jurídica,SAO PAULO,SÃO PAULO,
787,YARA BRASIL,YARA BRASIL FERTILIZANTES...,Pessoa Jurídica,rio de janeiro,rio de janeiro,
788,YKK DO BRASIL,YKK DO BRASIL LTDA,Pessoa Jurídica,SAO PAULO,SÃO PAULO,
789,YORG,YORG PARTICIPACOES DO BRASIL...,Pessoa Jurídica,SAO PAULO,SÃO PAULO,
790,YORK,YORK INDUSTRIA E COMERCIO...,Pessoa Jurídica,rio de janeiro,rio de janeiro,
791,YPE - QUIMICA,QUIMICA AMPARO LTDA,Pessoa Jurídica,BELO HORIZONTE,MINAS GERAIS,
792,ZACCARIA,INDUSTRIAS MACHINA ZACCARIA...,Pessoa Jurídica,SAO PAULO,SÃO PAULO,
793,ZAELI,ALIMENTOS ZAELI LTDA,Pessoa Jurídica,SAO PAULO,SÃO PAULO,
794,ZAFFARI,COMPANHIA ZAFFARI COMERCIO...,Pessoa Jurídica,SAO PAULO,SÃO PAULO,
795,ZAFFARI COMERCIAL,COMERCIAL ZAFFARI LTDA,Pessoa Física,SAO PAULO,SÃO PAULO,
796,ZAHONERO,ZAHONERO INDUSTRIA E COMERCIO...,Pessoa Física,SAO PAULO,SÃO PAULO,
797,ZANAFLEX,ZANAFLEX BORRACHAS LTDA,Pessoa Jurídica,SAO PAULO,SÃO PAULO,
798,ZANCHETTA,ZANCHETTA ALIMENTOS LTDA,Pessoa Jurídica,rio de janeiro,rio de janeiro,
799,ZANCHETTA FOODS,ZANCHETTA INDUSTRIA DE ALIMENTOS...,Pessoa Física,rio de janeiro,rio de janeiro,
800,ZANCHETTA RACOES,ZANCHETTA ALIMENTOS LTDA,Pessoa Jurídica,rio de janeiro,rio de janeiro,
801,ZANINI,ZANINI DO BRASIL LTDA,Pessoa Física,SAO PAULO,SÃO PAULO,
802,ZANINI RENK,ZANINI RENK EQUIPAMENTOS INDUSTRIAIS...,Pessoa Jurídica,SAO PAULO,SÃO PAULO,
803,ZANLORENZI,ZANLORENZI BEBIDAS LTDA,Pessoa Jurídica,SAO PAULO,SÃO PAULO,
804,ZANOTTI,ZANOTTI S.A.,Pessoa Física,rio de janeiro,rio de janeiro,
805,ZANOTTI PACATUBA,ZANOTTI PACATUBA INDUSTRIA...,Pessoa Física,BELO HORIZONTE,MINAS GERAIS,
806,ZANZINI,P B ZANZINI & CIA LTDA,Pessoa Física,SAO PAULO,SÃO PAULO,
807,ZAP GRAFICA E EDITORA,ZAP GRAFICA ONLINE LTDA,Pessoa Física,SAO PAULO,SÃO PAULO,
808,ZAPPAROLI,ZAPPAROLI INDUSTRIA E COMERCIO...,Pessoa Física,SAO PAULO,SÃO PAULO,
809,ZARA,ZARA BRASIL LTDA,Pessoa Jurídica,VITÓRIA,ESPÍRITO SANTO,
810,ZARAPLAST (E),ZARAPLAST S.A,Pessoa Física,VITÓRIA,ESPÍRITO SANTO,
811,ZBN INDUSTRIA MECANICA,ZBN INDUSTRIA MECANICA LTDA,Pessoa Física,VITÓRIA,ESPÍRITO SANTO,
812,ZEGLA,ZEGLA - INDUSTRIA DE MAQUINAS...,Pessoa Física,VITÓRIA,ESPÍRITO SANTO,
